Pesticide_Name,variable,relationship,n,spearman_rho,p_value,p_value_fdr_bh,significant_fdr_0_05
"1H-1,2,4-Triazole",Discharge_cfs,non_nondetect_status_vs_env,5123,-0.008411025463951349,0.5472513397005822,0.5976081702938729,False
"1H-1,2,4-Triazole",Discharge_cfs,log10_value_vs_env_among_non_nondetects,1151,-0.062137888614966545,0.03504302881058419,0.04767594389285279,True
"1H-1,2,4-Triazole",Water_Temperature_C,non_nondetect_status_vs_env,5222,0.07262201066567396,1.4915853613926485e-07,2.803838894984272e-07,True
"1H-1,2,4-Triazole",Water_Temperature_C,log10_value_vs_env_among_non_nondetects,1230,0.08764702789317254,0.0020930776578511247,0.0031767049198510905,True
"1H-1,2,4-Triazole",Dissolved_Oxygen_mg_L,non_nondetect_status_vs_env,5158,-0.14075266953954543,3.0874804242416635e-24,8.518678481451088e-24,True
"1H-1,2,4-Triazole",Dissolved_Oxygen_mg_L,log10_value_vs_env_among_non_nondetects,1222,-0.03298497310891982,0.24924175911978483,0.2983027129197911,False
"1H-1,2,4-Triazole",pH,non_nondetect_status_vs_env,5144,-0.4162966028489927,8.399065389926434e-215,4.8665172994573753e-213,True
"1H-1,2,4-Triazole",pH,log10_value_vs_env_among_non_nondetects,1212,0.21675345466307266,2.3640417691004276e-14,5.5049199587799555e-14,True
"1H-1,2,4-Triazole",Turbidity_FNU,non_nondetect_status_vs_env,1297,-0.10013264495638524,0.00030411511442552904,0.0004967717872456817,True
"1H-1,2,4-Triazole",Turbidity_FNU,log10_value_vs_env_among_non_nondetects,363,0.288920626546443,2.0743160538656733e-08,4.022049828853717e-08,True
"1H-1,2,4-Triazole",Specific_Conductance,non_nondetect_status_vs_env,5160,-0.2749693399396533,3.5341729528701224e-90,2.7196565301383363e-89,True
"1H-1,2,4-Triazole",Specific_Conductance,log10_value_vs_env_among_non_nondetects,1215,0.4570645987440192,9.40274466732455e-64,4.952782618884856e-63,True
"2,4-D",Discharge_cfs,non_nondetect_status_vs_env,11427,-0.06399617634037919,7.526757386681072e-12,1.6511928788153354e-11,True
"2,4-D",Discharge_cfs,log10_value_vs_env_among_non_nondetects,6330,-0.1949859959788562,2.8027620487499716e-55,1.3336814579800589e-54,True
"2,4-D",Water_Temperature_C,non_nondetect_status_vs_env,11529,0.14606307216246314,5.317270031370838e-56,2.5674073435785662e-55,True
"2,4-D",Water_Temperature_C,log10_value_vs_env_among_non_nondetects,6326,0.02908258564569128,0.020714438442419113,0.028778169063163366,True
"2,4-D",Dissolved_Oxygen_mg_L,non_nondetect_status_vs_env,11416,-0.1636850494577965,2.2159814718760733e-69,1.2764571636245218e-68,True
"2,4-D",Dissolved_Oxygen_mg_L,log10_value_vs_env_among_non_nondetects,6281,-0.13623751606681078,2.0914004224476244e-27,6.1310399289015174e-27,True
"2,4-D",pH,non_nondetect_status_vs_env,11375,0.011907596698248821,0.2041223756322332,0.24730693726660483,False
"2,4-D",pH,log10_value_vs_env_among_non_nondetects,6250,-0.0775737200939273,8.212289441150257e-10,1.6644249175993834e-09,True
"2,4-D",Turbidity_FNU,non_nondetect_status_vs_env,2957,0.3112753829997257,1.8934502776500763e-67,1.0718669675203018e-66,True
"2,4-D",Turbidity_FNU,log10_value_vs_env_among_non_nondetects,1737,0.2646713871665555,3.123075342137543e-29,9.465320652324554e-29,True
"2,4-D",Specific_Conductance,non_nondetect_status_vs_env,11444,0.12394011238834934,2.0634539599368394e-40,7.78736456144746e-40,True
"2,4-D",Specific_Conductance,log10_value_vs_env_among_non_nondetects,6275,0.08940553594872146,1.293036707586377e-12,2.9012327038099803e-12,True
3-Phenoxybenzoic acid,Discharge_cfs,non_nondetect_status_vs_env,12459,-0.027716046499460845,0.0019751343566388095,0.003011621271345553,True
3-Phenoxybenzoic acid,Discharge_cfs,log10_value_vs_env_among_non_nondetects,20,-0.24294849405196925,0.3020217453123649,0.35627714866189153,False
3-Phenoxybenzoic acid,Water_Temperature_C,non_nondetect_status_vs_env,12567,0.024085399936881767,0.006930617746078378,0.01009860721876805,True
3-Phenoxybenzoic acid,Water_Temperature_C,log10_value_vs_env_among_non_nondetects,20,-0.08649868983274446,0.716898735078256,0.7568545059507847,False
3-Phenoxybenzoic acid,Dissolved_Oxygen_mg_L,non_nondetect_status_vs_env,12452,-0.02360319845676057,0.008439823436453628,0.012207380447733954,True
3-Phenoxybenzoic acid,Dissolved_Oxygen_mg_L,log10_value_vs_env_among_non_nondetects,20,-0.18312028709978928,0.43965429410777773,0.4937964420708792,False
3-Phenoxybenzoic acid,pH,non_nondetect_status_vs_env,12400,0.000653597174593721,0.9419858244310854,0.949699116749866,False
3-Phenoxybenzoic acid,pH,log10_value_vs_env_among_non_nondetects,20,0.2600929673181335,0.26808975630348847,0.3189232004334977,False
3-Phenoxybenzoic acid,Turbidity_FNU,non_nondetect_status_vs_env,3283,0.010978466610880094,0.5294683746170633,0.58076430846081,False
3-Phenoxybenzoic acid,Turbidity_FNU,log10_value_vs_env_among_non_nondetects,5,,,,False
3-Phenoxybenzoic acid,Specific_Conductance,non_nondetect_status_vs_env,12479,0.029737242307870407,0.0008926817405959463,0.0014113828482937515,True
3-Phenoxybenzoic acid,Specific_Conductance,log10_value_vs_env_among_non_nondetects,19,,,,False
4-Hydroxychlorothalonil,Discharge_cfs,non_nondetect_status_vs_env,8750,-0.323337799587363,4.522471608542904e-212,2.3445444917972425e-210,True
4-Hydroxychlorothalonil,Discharge_cfs,log10_value_vs_env_among_non_nondetects,1226,-0.1355105326888166,1.917360155480145e-06,3.478084259940963e-06,True
4-Hydroxychlorothalonil,Water_Temperature_C,non_nondetect_status_vs_env,8825,0.007322047545729071,0.49160663630396906,0.545921687440146,False
4-Hydroxychlorothalonil,Water_Temperature_C,log10_value_vs_env_among_non_nondetects,1229,0.1854417683396456,5.702419516381325e-11,1.2131497243273446e-10,True
4-Hydroxychlorothalonil,Dissolved_Oxygen_mg_L,non_nondetect_status_vs_env,8731,-0.03102605735354589,0.0037393473457897537,0.005572249826933294,True
4-Hydroxychlorothalonil,Dissolved_Oxygen_mg_L,log10_value_vs_env_among_non_nondetects,1221,-0.07272391236086481,0.011023862678205772,0.015714189201205046,True
4-Hydroxychlorothalonil,pH,non_nondetect_status_vs_env,8737,-0.2619733093195199,4.505487133409511e-137,6.163756703344957e-136,True
4-Hydroxychlorothalonil,pH,log10_value_vs_env_among_non_nondetects,1216,-0.06357968790111573,0.026618810100813472,0.03667066846056122,True
4-Hydroxychlorothalonil,Turbidity_FNU,non_nondetect_status_vs_env,2050,-0.09479313677845505,1.7156481916990614e-05,3.02310101757348e-05,True
4-Hydroxychlorothalonil,Turbidity_FNU,log10_value_vs_env_among_non_nondetects,291,-0.032493642643193515,0.5809071821838343,0.6301691348580141,False
4-Hydroxychlorothalonil,Specific_Conductance,non_nondetect_status_vs_env,8766,-0.13100430565567503,7.346989608748164e-35,2.495443022281704e-34,True
4-Hydroxychlorothalonil,Specific_Conductance,log10_value_vs_env_among_non_nondetects,1227,-0.05881447455363627,0.03941098791339115,0.052953106064685104,False
AMPA,Discharge_cfs,non_nondetect_status_vs_env,6936,0.025679540602824513,0.03246585575303186,0.04435349225622245,True
AMPA,Discharge_cfs,log10_value_vs_env_among_non_nondetects,6276,-0.015617817443766393,0.21605316057924298,0.2611194640129501,False
AMPA,Water_Temperature_C,non_nondetect_status_vs_env,6899,0.1769563217313651,1.2180603614966038e-49,5.285416106053545e-49,True
AMPA,Water_Temperature_C,log10_value_vs_env_among_non_nondetects,6239,0.3376589402569704,3.363186752033714e-166,6.370651828371554e-165,True
AMPA,Dissolved_Oxygen_mg_L,non_nondetect_status_vs_env,6855,-0.17774491129306783,9.106245936373894e-50,3.9688726758089755e-49,True
AMPA,Dissolved_Oxygen_mg_L,log10_value_vs_env_among_non_nondetects,6212,-0.35983765059646877,2.8640111953237376e-189,7.836252853871893e-188,True
AMPA,pH,non_nondetect_status_vs_env,6837,-0.011968649092707057,0.3224205038353449,0.3780764241402556,False
AMPA,pH,log10_value_vs_env_among_non_nondetects,6194,0.10662611093140237,3.9630705468050735e-17,9.857637597482317e-17,True
AMPA,Turbidity_FNU,non_nondetect_status_vs_env,2079,0.17431373486835813,1.1986159406793917e-15,2.865623062061167e-15,True
AMPA,Turbidity_FNU,log10_value_vs_env_among_non_nondetects,2012,0.3526644622371865,5.401910064454246e-60,2.714735415044608e-59,True
AMPA,Specific_Conductance,non_nondetect_status_vs_env,6870,0.039197755069958415,0.0011557488160411089,0.0018012857338615383,True
AMPA,Specific_Conductance,log10_value_vs_env_among_non_nondetects,6224,0.18768083996485554,1.9068860659331943e-50,8.347923444196429e-50,True
Acephate,Discharge_cfs,non_nondetect_status_vs_env,11839,-0.14461971581480848,2.3673561843153817e-56,1.1543791294805203e-55,True
Acephate,Discharge_cfs,log10_value_vs_env_among_non_nondetects,2153,-0.1871595642186116,2.01001989221537e-18,5.129195838943366e-18,True
Acephate,Water_Temperature_C,non_nondetect_status_vs_env,11944,0.2341219550958466,2.0394033524671757e-148,3.463469486517531e-147,True
Acephate,Water_Temperature_C,log10_value_vs_env_among_non_nondetects,2142,0.24230220321782145,5.4080722689485e-30,1.6594863504405835e-29,True
Acephate,Dissolved_Oxygen_mg_L,non_nondetect_status_vs_env,11828,-0.222020050869847,5.1140380314241777e-132,6.376363874623817e-131,True
Acephate,Dissolved_Oxygen_mg_L,log10_value_vs_env_among_non_nondetects,2121,-0.13373006139366495,6.289220677933705e-10,1.2772953335597317e-09,True
Acephate,pH,non_nondetect_status_vs_env,11785,-0.22399884377155496,6.328656027971059e-134,8.202271299409859e-133,True
Acephate,pH,log10_value_vs_env_among_non_nondetects,2104,0.17464401094738136,7.138224392760069e-16,1.7191078305302368e-15,True
Acephate,Turbidity_FNU,non_nondetect_status_vs_env,3145,-0.020378997870396834,0.2532360155892789,0.30271538271291226,False
Acephate,Turbidity_FNU,log10_value_vs_env_among_non_nondetects,237,-0.05918359992828432,0.3643548892712245,0.41926351160298614,False
Acephate,Specific_Conductance,non_nondetect_status_vs_env,11855,-0.07293849085741956,1.844956982153016e-15,4.400200066393997e-15,True
Acephate,Specific_Conductance,log10_value_vs_env_among_non_nondetects,2113,0.2754774844689194,4.1638335983470514e-38,1.5023355657039728e-37,True
Acetochlor,Discharge_cfs,non_nondetect_status_vs_env,11359,0.2823548762901748,3.3980682949093506e-207,1.455259682819874e-205,True
Acetochlor,Discharge_cfs,log10_value_vs_env_among_non_nondetects,2713,0.009553747367290328,0.6189049124608461,0.6655254790108444,False
Acetochlor,Water_Temperature_C,non_nondetect_status_vs_env,11442,0.264187111294229,5.2570988741492626e-182,1.2945605977592559e-180,True
Acetochlor,Water_Temperature_C,log10_value_vs_env_among_non_nondetects,2701,0.19141348420935125,1.055503185608623e-23,2.856238016001356e-23,True
Acetochlor,Dissolved_Oxygen_mg_L,non_nondetect_status_vs_env,11341,-0.2172803983852902,2.8802494594124393e-121,3.223915588092333e-120,True
Acetochlor,Dissolved_Oxygen_mg_L,log10_value_vs_env_among_non_nondetects,2680,-0.24597460904542692,3.171362568621567e-38,1.152690822912267e-37,True
Acetochlor,pH,non_nondetect_status_vs_env,11300,0.14791711299714336,2.6929454462130333e-56,1.3066754997634668e-55,True
Acetochlor,pH,log10_value_vs_env_among_non_nondetects,2662,0.018481404741504927,0.34050204760421804,0.39458178457665266,False
Acetochlor,Turbidity_FNU,non_nondetect_status_vs_env,2911,0.5271491459631095,6.160293667314259e-208,2.889471077287879e-206,True
Acetochlor,Turbidity_FNU,log10_value_vs_env_among_non_nondetects,1031,0.35573281627083775,4.0708381839513387e-32,1.2893169167820155e-31,True
Acetochlor,Specific_Conductance,non_nondetect_status_vs_env,11363,0.11389601558326078,4.00560265702252e-34,1.3329454787726969e-33,True
Acetochlor,Specific_Conductance,log10_value_vs_env_among_non_nondetects,2678,0.03643159209397093,0.059421946296981276,0.07762681313332434,False
Acetochlor ESA,Discharge_cfs,non_nondetect_status_vs_env,5938,0.1599452004225113,2.534471134144226e-35,8.698446226940985e-35,True
Acetochlor ESA,Discharge_cfs,log10_value_vs_env_among_non_nondetects,1344,-0.05032701686997456,0.06511451936225433,0.08472629005524507,False
Acetochlor ESA,Water_Temperature_C,non_nondetect_status_vs_env,5977,0.10722674956562328,9.406049052390675e-17,2.3047159991554266e-16,True
Acetochlor ESA,Water_Temperature_C,log10_value_vs_env_among_non_nondetects,1334,0.24922735089194778,2.4551501754549478e-20,6.431709901125329e-20,True
Acetochlor ESA,Dissolved_Oxygen_mg_L,non_nondetect_status_vs_env,5903,-0.04218169746058877,0.00118853355311716,0.0018465387221141998,True
Acetochlor ESA,Dissolved_Oxygen_mg_L,log10_value_vs_env_among_non_nondetects,1322,-0.17120262604802947,3.722682075578071e-10,7.671217247791631e-10,True
Acetochlor ESA,pH,non_nondetect_status_vs_env,5923,0.21353068571230605,4.8188302226649046e-62,2.4851035441491786e-61,True
Acetochlor ESA,pH,log10_value_vs_env_among_non_nondetects,1340,0.08431064275760002,0.002009010771426556,0.003058540355262995,True
Acetochlor ESA,Turbidity_FNU,non_nondetect_status_vs_env,1286,0.4023089339185201,3.258519938520697e-51,1.452326759928908e-50,True
Acetochlor ESA,Turbidity_FNU,log10_value_vs_env_among_non_nondetects,473,0.16124505493432856,0.0004305171030654657,0.0006963207660418452,True
Acetochlor ESA,Specific_Conductance,non_nondetect_status_vs_env,5948,0.1567432336763346,4.998759066629797e-34,1.6578376029058414e-33,True
Acetochlor ESA,Specific_Conductance,log10_value_vs_env_among_non_nondetects,1335,0.021936752788639484,0.42321096511617434,0.4780536704580639,False
Acetochlor OA,Discharge_cfs,non_nondetect_status_vs_env,12136,0.2868724976591278,1.3156921233566394e-228,1.1781424922784452e-226,True
Acetochlor OA,Discharge_cfs,log10_value_vs_env_among_non_nondetects,3509,-0.06278783921231143,0.00019788708269629987,0.00033037080755229725,True
Acetochlor OA,Water_Temperature_C,non_nondetect_status_vs_env,12245,0.12765309554184884,1.1785582750450893e-45,4.6809673424169874e-45,True
Acetochlor OA,Water_Temperature_C,log10_value_vs_env_among_non_nondetects,3492,0.3190987344287775,1.7426195557161858e-83,1.1920001822086411e-82,True
Acetochlor OA,Dissolved_Oxygen_mg_L,non_nondetect_status_vs_env,12130,-0.052483334268185015,7.307108322068619e-09,1.4366270852769641e-08,True
Acetochlor OA,Dissolved_Oxygen_mg_L,log10_value_vs_env_among_non_nondetects,3469,-0.2387047204104508,3.8375529222151205e-46,1.5428529095436302e-45,True
Acetochlor OA,pH,non_nondetect_status_vs_env,12092,0.25430853534192993,8.501525269393199e-178,1.8608894200782892e-176,True
Acetochlor OA,pH,log10_value_vs_env_among_non_nondetects,3454,0.12956575232681058,2.1031453139437413e-14,4.909000318091434e-14,True
Acetochlor OA,Turbidity_FNU,non_nondetect_status_vs_env,3204,0.5191380480553967,1.2173444855627225e-220,7.993895455195211e-219,True
Acetochlor OA,Turbidity_FNU,log10_value_vs_env_among_non_nondetects,1396,0.274161942956166,1.7172706001390183e-25,4.860665348094635e-25,True
Acetochlor OA,Specific_Conductance,non_nondetect_status_vs_env,12162,0.18170938120359018,8.750666977563781e-91,6.840799184841527e-90,True
Acetochlor OA,Specific_Conductance,log10_value_vs_env_among_non_nondetects,3470,0.10479121846676653,6.103917516584422e-10,1.2422228830238957e-09,True
Atrazine,Discharge_cfs,non_nondetect_status_vs_env,11919,0.13071809966613318,1.3994449466307214e-46,5.6726472116512785e-46,True
Atrazine,Discharge_cfs,log10_value_vs_env_among_non_nondetects,9041,0.3153293575658232,7.2564688660896965e-208,3.248919015044705e-206,True
Atrazine,Water_Temperature_C,non_nondetect_status_vs_env,12013,0.1783237426965282,2.11274824138604e-86,1.497163322133273e-85,True
Atrazine,Water_Temperature_C,log10_value_vs_env_among_non_nondetects,9099,0.37383759656326526,9.53719459975116e-300,3.131378893584964e-297,True
Atrazine,Dissolved_Oxygen_mg_L,non_nondetect_status_vs_env,11899,-0.12009660539811214,1.7783129682504033e-39,6.560442972758978e-39,True
Atrazine,Dissolved_Oxygen_mg_L,log10_value_vs_env_among_non_nondetects,9023,-0.2780213632651229,7.832097658401615e-160,1.4286326284306652e-158,True
Atrazine,pH,non_nondetect_status_vs_env,11848,-0.03415816130645985,0.00020020466895018818,0.00033367444825031366,True
Atrazine,pH,log10_value_vs_env_among_non_nondetects,8982,0.12696208925509112,1.3493735728293526e-33,4.4601777491171556e-33,True
Atrazine,Turbidity_FNU,non_nondetect_status_vs_env,3075,0.34474769303038255,1.541462421168518e-86,1.1002467281528915e-85,True
Atrazine,Turbidity_FNU,log10_value_vs_env_among_non_nondetects,2287,0.5340556494563644,7.7537906777211e-169,1.5274967635110567e-167,True
Atrazine,Specific_Conductance,non_nondetect_status_vs_env,11922,0.0569747143786069,4.804678600314885e-10,9.839102747006572e-10,True
Atrazine,Specific_Conductance,log10_value_vs_env_among_non_nondetects,9031,0.05238055216428784,6.340829302102405e-07,1.1718042894129209e-06,True
Azoxystrobin,Discharge_cfs,non_nondetect_status_vs_env,11632,0.06216633951898982,1.939336575121268e-11,4.1799705174933233e-11,True
Azoxystrobin,Discharge_cfs,log10_value_vs_env_among_non_nondetects,7024,-0.17097693804253636,3.1939661347685413e-47,1.3108569344779223e-46,True
Azoxystrobin,Water_Temperature_C,non_nondetect_status_vs_env,11738,0.3166831717426083,1.1091071212098518e-271,2.184941028783408e-269,True
Azoxystrobin,Water_Temperature_C,log10_value_vs_env_among_non_nondetects,7034,0.3497130642621362,1.7396322679269963e-201,7.139740766283714e-200,True
Azoxystrobin,Dissolved_Oxygen_mg_L,non_nondetect_status_vs_env,11624,-0.26060608804565333,9.065079405314164e-180,2.1259769557701075e-178,True
Azoxystrobin,Dissolved_Oxygen_mg_L,log10_value_vs_env_among_non_nondetects,6972,-0.3906134711216074,6.51946635896452e-253,8.027092954475066e-251,True
Azoxystrobin,pH,non_nondetect_status_vs_env,11571,-0.19403097048512571,1.501980282349818e-98,1.344955071013246e-97,True
Azoxystrobin,pH,log10_value_vs_env_among_non_nondetects,6924,-0.17180687154906918,5.117197765625052e-47,2.091468796323932e-46,True
Azoxystrobin,Turbidity_FNU,non_nondetect_status_vs_env,2991,0.18487602110569526,2.0950199867623423e-24,5.81294278017157e-24,True
Azoxystrobin,Turbidity_FNU,log10_value_vs_env_among_non_nondetects,2175,0.07171327131321376,0.0008172911525212761,0.0013005360019926607,True
Azoxystrobin,Specific_Conductance,non_nondetect_status_vs_env,11643,-0.13331322657547529,2.5864549765072904e-47,1.0659657539161846e-46,True
Azoxystrobin,Specific_Conductance,log10_value_vs_env_among_non_nondetects,6963,-0.15394433586391013,3.4442772067473817e-38,1.2472842090610922e-37,True
Bentazon,Discharge_cfs,non_nondetect_status_vs_env,9632,0.03592197658848625,0.00042162881510438905,0.0006830664192069461,True
Bentazon,Discharge_cfs,log10_value_vs_env_among_non_nondetects,2783,-0.25902991670646247,6.641578233649303e-44,2.6167818240578254e-43,True
Bentazon,Water_Temperature_C,non_nondetect_status_vs_env,9701,0.09809392666865013,3.5352177162410433e-22,9.36072432929416e-22,True
Bentazon,Water_Temperature_C,log10_value_vs_env_among_non_nondetects,2769,0.10338845260777853,4.9640265893092834e-08,9.475903469902412e-08,True
Bentazon,Dissolved_Oxygen_mg_L,non_nondetect_status_vs_env,9602,-0.10300668662749649,4.540377417789574e-24,1.2492379208164052e-23,True
Bentazon,Dissolved_Oxygen_mg_L,log10_value_vs_env_among_non_nondetects,2747,-0.20588218883505324,1.1182369319050529e-27,3.317660776886979e-27,True
Bentazon,pH,non_nondetect_status_vs_env,9564,0.021252390826684193,0.03767661834620834,0.05097729267996595,False
Bentazon,pH,log10_value_vs_env_among_non_nondetects,2725,-0.06912865416405162,0.00030468179322753515,0.0004968734541872883,True
Bentazon,Turbidity_FNU,non_nondetect_status_vs_env,2356,0.06780350519892665,0.000990773147144086,0.0015564777510955737,True
Bentazon,Turbidity_FNU,log10_value_vs_env_among_non_nondetects,807,-0.10652713448858978,0.0024444770143232353,0.0036929599066079554,True
Bentazon,Specific_Conductance,non_nondetect_status_vs_env,9628,-0.0007494821134185234,0.9413832381152275,0.949699116749866,False
Bentazon,Specific_Conductance,log10_value_vs_env_among_non_nondetects,2749,0.010970961261787624,0.5653094636750644,0.6146024522295126,False
Bromacil,Discharge_cfs,non_nondetect_status_vs_env,5922,-0.15093316881056323,1.6223746248137468e-31,5.105555927928245e-31,True
Bromacil,Discharge_cfs,log10_value_vs_env_among_non_nondetects,2550,-0.22051193258330387,1.8702830159548486e-29,5.703494646178099e-29,True
Bromacil,Water_Temperature_C,non_nondetect_status_vs_env,5957,0.134927885550158,1.323758681991255e-25,3.768503762316145e-25,True
Bromacil,Water_Temperature_C,log10_value_vs_env_among_non_nondetects,2559,0.14075858351078693,8.511816442885856e-13,1.9273883209753032e-12,True
Bromacil,Dissolved_Oxygen_mg_L,non_nondetect_status_vs_env,5885,-0.14044465386325455,2.60819950030299e-27,7.600818070409601e-27,True
Bromacil,Dissolved_Oxygen_mg_L,log10_value_vs_env_among_non_nondetects,2538,-0.11587571641073742,4.7842618194593395e-09,9.539469417343015e-09,True
Bromacil,pH,non_nondetect_status_vs_env,5882,0.02659599713685472,0.041381617865503775,0.05523156314027265,False
Bromacil,pH,log10_value_vs_env_among_non_nondetects,2537,0.09710026960252806,9.584618635421223e-07,1.7548047129906887e-06,True
Bromacil,Turbidity_FNU,non_nondetect_status_vs_env,1233,0.21235890641207317,4.8708772952105965e-14,1.1288974437135147e-13,True
Bromacil,Turbidity_FNU,log10_value_vs_env_among_non_nondetects,574,0.03199923996317322,0.4441690969247511,0.4982990438164918,False
Bromacil,Specific_Conductance,non_nondetect_status_vs_env,5922,0.2053055024559501,2.1971068572930053e-57,1.087512690670156e-56,True
Bromacil,Specific_Conductance,log10_value_vs_env_among_non_nondetects,2558,0.30608908311523764,1.2883506987360133e-56,6.313559394303349e-56,True
Bromoxynil,Discharge_cfs,non_nondetect_status_vs_env,12482,-0.05212788912577256,5.634614673440678e-09,1.1144769986624634e-08,True
Bromoxynil,Discharge_cfs,log10_value_vs_env_among_non_nondetects,93,-0.18953875328629174,0.06881130330413823,0.08930057148165503,False
Bromoxynil,Water_Temperature_C,non_nondetect_status_vs_env,12590,-0.01929081237236965,0.030424819997782772,0.041738785094451294,True
Bromoxynil,Water_Temperature_C,log10_value_vs_env_among_non_nondetects,92,-0.018932343760783978,0.85783889081968,0.8810962538658861,False
Bromoxynil,Dissolved_Oxygen_mg_L,non_nondetect_status_vs_env,12473,-0.01562439960332051,0.0810014123097771,0.1037534344930175,False
Bromoxynil,Dissolved_Oxygen_mg_L,log10_value_vs_env_among_non_nondetects,90,-0.10411314400460742,0.32878973930406896,0.3837178829555781,False
Bromoxynil,pH,non_nondetect_status_vs_env,12425,-0.030613805778819763,0.0006427541495832871,0.0010311283995757944,True
Bromoxynil,pH,log10_value_vs_env_among_non_nondetects,85,-0.1675664704293764,0.12530723784782138,0.15623750541785322,False
Bromoxynil,Turbidity_FNU,non_nondetect_status_vs_env,3289,0.0511958226177037,0.0033153210375852487,0.004962904592737796,True
Bromoxynil,Turbidity_FNU,log10_value_vs_env_among_non_nondetects,50,0.1590941844907588,0.26978449119775694,0.3205521397223047,False
Bromoxynil,Specific_Conductance,non_nondetect_status_vs_env,12502,-0.005485604781267556,0.5396769308228562,0.5906464187339037,False
Bromoxynil,Specific_Conductance,log10_value_vs_env_among_non_nondetects,90,0.09013566243668798,0.3981831209505275,0.4539471922873491,False
CAAT,Discharge_cfs,non_nondetect_status_vs_env,11223,0.1247383421507741,3.695329910232995e-40,1.3787499854467803e-39,True
CAAT,Discharge_cfs,log10_value_vs_env_among_non_nondetects,5236,-0.004340699487721663,0.753505534691747,0.7862319403298419,False
CAAT,Water_Temperature_C,non_nondetect_status_vs_env,11315,0.12125370788591953,2.5286963940507867e-38,9.225059067185278e-38,True
CAAT,Water_Temperature_C,log10_value_vs_env_among_non_nondetects,5233,0.27928948735377046,2.2186859525103131e-94,1.8678680882244943e-93,True
CAAT,Dissolved_Oxygen_mg_L,non_nondetect_status_vs_env,11212,-0.011843430398790026,0.209854256644667,0.2539391189127727,False
CAAT,Dissolved_Oxygen_mg_L,log10_value_vs_env_among_non_nondetects,5194,-0.19876334611798774,1.99074204347794e-47,8.238995432041054e-47,True
CAAT,pH,non_nondetect_status_vs_env,11179,0.2642050951663262,6.805432239810452e-178,1.5234888082302944e-176,True
CAAT,pH,log10_value_vs_env_among_non_nondetects,5200,0.24329283928750364,6.1146374690803364e-71,3.606537668888702e-70,True
CAAT,Turbidity_FNU,non_nondetect_status_vs_env,2827,0.5086562079167333,6.4608022186382195e-186,1.6747079435154333e-184,True
CAAT,Turbidity_FNU,log10_value_vs_env_among_non_nondetects,1525,0.42705977691764985,1.2209932830944844e-68,6.9923161851631815e-68,True
CAAT,Specific_Conductance,non_nondetect_status_vs_env,11237,0.3139650606283226,1.58115968128245e-255,2.224917551518876e-253,True
CAAT,Specific_Conductance,log10_value_vs_env_among_non_nondetects,5227,0.2799622793722559,9.72749780264679e-95,8.259987358281971e-94,True
CEAT,Discharge_cfs,non_nondetect_status_vs_env,10932,0.1641059955225416,7.440297652032429e-67,4.1640302200295124e-66,True
CEAT,Discharge_cfs,log10_value_vs_env_among_non_nondetects,4625,0.08991465712714107,9.033381646441831e-10,1.827080271405586e-09,True
CEAT,Water_Temperature_C,non_nondetect_status_vs_env,11025,0.24512660251100543,1.4563425962819815e-150,2.5166622058557054e-149,True
CEAT,Water_Temperature_C,log10_value_vs_env_among_non_nondetects,4619,0.2842194544167063,1.4726268760860839e-86,1.0587864766020384e-85,True
CEAT,Dissolved_Oxygen_mg_L,non_nondetect_status_vs_env,10935,-0.16818916430778602,3.3923669281762294e-70,1.988977038246182e-69,True
CEAT,Dissolved_Oxygen_mg_L,log10_value_vs_env_among_non_nondetects,4590,-0.27768102017449375,4.829538733736501e-82,3.2142538194124686e-81,True
CEAT,pH,non_nondetect_status_vs_env,10890,-0.009453218959020687,0.32393637389235425,0.37940229284657423,False
CEAT,pH,log10_value_vs_env_among_non_nondetects,4553,0.05996443220138403,5.150561146261215e-05,8.83850649663292e-05,True
CEAT,Turbidity_FNU,non_nondetect_status_vs_env,2842,0.49203763260213706,3.394967753793872e-173,6.966756744764508e-172,True
CEAT,Turbidity_FNU,log10_value_vs_env_among_non_nondetects,1402,0.37988256358212896,2.336577841460524e-49,1.0050345737286534e-48,True
CEAT,Specific_Conductance,non_nondetect_status_vs_env,10959,0.03510005690087995,0.0002376899614211046,0.0003934867428567866,True
CEAT,Specific_Conductance,log10_value_vs_env_among_non_nondetects,4596,0.1077402390790982,2.4165879179104397e-13,5.548575988675485e-13,True
CIAT,Discharge_cfs,non_nondetect_status_vs_env,10943,0.165935321964514,2.1223801164520005e-68,1.2084071761301852e-67,True
CIAT,Discharge_cfs,log10_value_vs_env_among_non_nondetects,7065,0.2567448650042863,9.590082400304367e-107,9.446231164299802e-106,True
CIAT,Water_Temperature_C,non_nondetect_status_vs_env,11024,0.14474624844989015,1.0975132654835502e-52,4.9363039566269264e-52,True
CIAT,Water_Temperature_C,log10_value_vs_env_among_non_nondetects,7091,0.41648539950205904,1.254253479970845e-295,3.088599194428206e-293,True
CIAT,Dissolved_Oxygen_mg_L,non_nondetect_status_vs_env,10927,-0.08039151419799585,3.889871990464618e-17,9.700060533183922e-17,True
CIAT,Dissolved_Oxygen_mg_L,log10_value_vs_env_among_non_nondetects,7028,-0.29992786835562313,4.851675269132312e-146,8.099830745924283e-145,True
CIAT,pH,non_nondetect_status_vs_env,10888,0.17761345321971353,7.23554239873656e-78,4.5394963457041474e-77,True
CIAT,pH,log10_value_vs_env_among_non_nondetects,6995,0.12379923705987754,2.6897382748855297e-25,7.591381664075205e-25,True
CIAT,Turbidity_FNU,non_nondetect_status_vs_env,2867,0.390704939429382,3.391616840131047e-105,3.275237830910864e-104,True
CIAT,Turbidity_FNU,log10_value_vs_env_among_non_nondetects,1925,0.43315221953814953,7.167048909824176e-89,5.430417827828319e-88,True
CIAT,Specific_Conductance,non_nondetect_status_vs_env,10949,0.22630153808976827,3.6426732953398655e-127,4.322931561337069e-126,True
CIAT,Specific_Conductance,log10_value_vs_env_among_non_nondetects,7048,0.04401307991054439,0.00021890409844019392,0.0003642238800060659,True
Carbaryl,Discharge_cfs,non_nondetect_status_vs_env,12392,-0.1851573617349719,5.384752903219686e-96,4.693789035107426e-95,True
Carbaryl,Discharge_cfs,log10_value_vs_env_among_non_nondetects,981,-0.17709020930361852,2.3539320862231275e-08,4.555251679626288e-08,True
Carbaryl,Water_Temperature_C,non_nondetect_status_vs_env,12500,0.014565267947979743,0.10344645920721174,0.13097013151555728,False
Carbaryl,Water_Temperature_C,log10_value_vs_env_among_non_nondetects,976,0.0989518870456715,0.001968177003702894,0.003005665656817598,True
Carbaryl,Dissolved_Oxygen_mg_L,non_nondetect_status_vs_env,12383,-0.0803052915686909,3.559938229658845e-19,9.17942187490566e-19,True
Carbaryl,Dissolved_Oxygen_mg_L,log10_value_vs_env_among_non_nondetects,972,-0.14250371004317763,8.200221827401118e-06,1.4527371402859896e-05,True
Carbaryl,pH,non_nondetect_status_vs_env,12334,-0.10636847103086303,2.2693142687881383e-32,7.257384918039987e-32,True
Carbaryl,pH,log10_value_vs_env_among_non_nondetects,974,0.04315442295360274,0.17839842253844357,0.21801792332551725,False
Carbaryl,Turbidity_FNU,non_nondetect_status_vs_env,3217,0.0020836704630840318,0.9059590452091376,0.919021276550979,False
Carbaryl,Turbidity_FNU,log10_value_vs_env_among_non_nondetects,205,0.013737438613511432,0.8450041175641058,0.8697273310351559,False
Carbaryl,Specific_Conductance,non_nondetect_status_vs_env,12412,0.0037881107082714666,0.6730328816497589,0.7136032168191738,False
Carbaryl,Specific_Conductance,log10_value_vs_env_among_non_nondetects,980,0.09005273434212369,0.004783953657563498,0.00706475914947533,True
Carbendazim,Discharge_cfs,non_nondetect_status_vs_env,10404,-0.2963351525060354,6.510852745246087e-210,3.206594977033698e-208,True
Carbendazim,Discharge_cfs,log10_value_vs_env_among_non_nondetects,5207,-0.413855874358392,1.2227292635538428e-214,6.691046247780751e-213,True
Carbendazim,Water_Temperature_C,non_nondetect_status_vs_env,10498,0.0017244285057386047,0.859772631897359,0.8821625441863526,False
Carbendazim,Water_Temperature_C,log10_value_vs_env_among_non_nondetects,5258,0.22393589186986415,9.345281513583611e-61,4.7448980880824005e-60,True
Carbendazim,Dissolved_Oxygen_mg_L,non_nondetect_status_vs_env,10385,-0.016175332479833403,0.09929397508405576,0.12619943930038055,False
Carbendazim,Dissolved_Oxygen_mg_L,log10_value_vs_env_among_non_nondetects,5207,-0.31923616300106117,1.1262318024623428e-123,1.3051039122651854e-122,True
Carbendazim,pH,non_nondetect_status_vs_env,10357,-0.1195904524836397,2.648569506017337e-34,8.873608719139717e-34,True
Carbendazim,pH,log10_value_vs_env_among_non_nondetects,5224,-0.15937217018073657,4.611038149609368e-31,1.4373014485332997e-30,True
Carbendazim,Turbidity_FNU,non_nondetect_status_vs_env,2583,-0.27996478558353316,1.0022813238287715e-47,4.1655995948157804e-47,True
Carbendazim,Turbidity_FNU,log10_value_vs_env_among_non_nondetects,1341,0.05783149305570586,0.03421171430246057,0.04660932031524711,True
Carbendazim,Specific_Conductance,non_nondetect_status_vs_env,10417,0.09831565900579031,8.502077602145424e-24,2.313410618263327e-23,True
Carbendazim,Specific_Conductance,log10_value_vs_env_among_non_nondetects,5253,0.14347691062632573,1.457628151367337e-25,4.137647634284804e-25,True
Chlorimuron-ethyl,Discharge_cfs,non_nondetect_status_vs_env,8987,0.2079928418235034,2.092721270915825e-88,1.5735346960702957e-87,True
Chlorimuron-ethyl,Discharge_cfs,log10_value_vs_env_among_non_nondetects,730,-0.13148611606552008,0.0003681151626906866,0.0005983390020632447,True
Chlorimuron-ethyl,Water_Temperature_C,non_nondetect_status_vs_env,9069,0.14251336444647175,2.3305076790936844e-42,9.002157113361878e-42,True
Chlorimuron-ethyl,Water_Temperature_C,log10_value_vs_env_among_non_nondetects,732,0.045000058938977315,0.22397182440221167,0.27002723015444124,False
Chlorimuron-ethyl,Dissolved_Oxygen_mg_L,non_nondetect_status_vs_env,8976,-0.1314721702063755,6.70814802379737e-36,2.3265935927607076e-35,True
Chlorimuron-ethyl,Dissolved_Oxygen_mg_L,log10_value_vs_env_among_non_nondetects,726,-0.09612585476617118,0.009553275655307497,0.013717166939472137,True
Chlorimuron-ethyl,pH,non_nondetect_status_vs_env,8967,0.02772857917480863,0.008642637871033648,0.012464126358664923,True
Chlorimuron-ethyl,pH,log10_value_vs_env_among_non_nondetects,724,-0.0005068354381654805,0.9891379482555169,0.9912388674451826,False
Chlorimuron-ethyl,Turbidity_FNU,non_nondetect_status_vs_env,2123,0.310234042380524,1.3700235857923596e-48,5.84187546322716e-48,True
Chlorimuron-ethyl,Turbidity_FNU,log10_value_vs_env_among_non_nondetects,294,0.2591184536687901,6.758986138087893e-06,1.1995678100930765e-05,True
Chlorimuron-ethyl,Specific_Conductance,non_nondetect_status_vs_env,9014,0.008816449611799105,0.4026193740274638,0.4584740848752044,False
Chlorimuron-ethyl,Specific_Conductance,log10_value_vs_env_among_non_nondetects,723,0.03308832631860501,0.37432316850580005,0.4282326608341615,False
Chlorpyrifos,Discharge_cfs,non_nondetect_status_vs_env,12481,-0.09234066021325414,4.782676630247549e-25,1.3383342274982487e-24,True
Chlorpyrifos,Discharge_cfs,log10_value_vs_env_among_non_nondetects,282,-0.10319004838389918,0.08366971771441953,0.10703204149182238,False
Chlorpyrifos,Water_Temperature_C,non_nondetect_status_vs_env,12589,-0.018532761656864103,0.03758416770598163,0.05092215294414292,False
Chlorpyrifos,Water_Temperature_C,log10_value_vs_env_among_non_nondetects,282,-0.1054434483163173,0.07710055855513583,0.09914366863813158,False
Chlorpyrifos,Dissolved_Oxygen_mg_L,non_nondetect_status_vs_env,12472,-0.017582940067770825,0.04957830073705979,0.06554983386040791,False
Chlorpyrifos,Dissolved_Oxygen_mg_L,log10_value_vs_env_among_non_nondetects,279,-0.019394372938211023,0.747054360696202,0.7811555682439055,False
Chlorpyrifos,pH,non_nondetect_status_vs_env,12422,-0.03265953551734342,0.00027195953689873874,0.00044572403302039544,True
Chlorpyrifos,pH,log10_value_vs_env_among_non_nondetects,267,-0.122461452127687,0.045588994154568914,0.0606007547128885,False
Chlorpyrifos,Turbidity_FNU,non_nondetect_status_vs_env,3303,0.05391690347037721,0.0019366462190117263,0.002962106406407687,True
Chlorpyrifos,Turbidity_FNU,log10_value_vs_env_among_non_nondetects,92,0.15434327791809477,0.14183670086325312,0.1752937896490644,False
Chlorpyrifos,Specific_Conductance,non_nondetect_status_vs_env,12501,-0.013349812303699688,0.13555990838570775,0.16816940775808834,False
Chlorpyrifos,Specific_Conductance,log10_value_vs_env_among_non_nondetects,279,0.059056801367888406,0.3256701956620266,0.38052804593961587,False
DCPMU,Discharge_cfs,non_nondetect_status_vs_env,9159,-0.19419978269157948,1.5511369011249035e-78,9.857224823277613e-78,True
DCPMU,Discharge_cfs,log10_value_vs_env_among_non_nondetects,3747,-0.26894682987147256,4.229555207018914e-63,2.2160169568689523e-62,True
DCPMU,Water_Temperature_C,non_nondetect_status_vs_env,9236,0.22241499301943504,6.961672873614981e-104,6.530712171915006e-103,True
DCPMU,Water_Temperature_C,log10_value_vs_env_among_non_nondetects,3747,0.10634920826512557,6.74278504864881e-11,1.42831038127292e-10,True
DCPMU,Dissolved_Oxygen_mg_L,non_nondetect_status_vs_env,9138,-0.2165825098729756,1.8744660055492248e-97,1.6485259066660593e-96,True
DCPMU,Dissolved_Oxygen_mg_L,log10_value_vs_env_among_non_nondetects,3709,-0.11668401929028817,1.0168698883038122e-12,2.297286330227649e-12,True
DCPMU,pH,non_nondetect_status_vs_env,9130,-0.0445673819797398,2.0443336050964458e-05,3.583040215338077e-05,True
DCPMU,pH,log10_value_vs_env_among_non_nondetects,3686,0.013598561999285155,0.40916725141072535,0.4648555278426349,False
DCPMU,Turbidity_FNU,non_nondetect_status_vs_env,2248,0.0638224290937562,0.0024664979141337594,0.0037205213559291773,True
DCPMU,Turbidity_FNU,log10_value_vs_env_among_non_nondetects,1163,0.022351613983834895,0.44634190486511954,0.49959860942288953,False
DCPMU,Specific_Conductance,non_nondetect_status_vs_env,9173,0.12674156980000606,3.67793753770813e-34,1.2280571100483078e-33,True
DCPMU,Specific_Conductance,log10_value_vs_env_among_non_nondetects,3711,0.14784812651969786,1.3862326985986056e-19,3.602741973930413e-19,True
Dechlorometolachlor,Discharge_cfs,non_nondetect_status_vs_env,12266,0.23371425110829483,7.94702080239171e-152,1.3978241947063987e-150,True
Dechlorometolachlor,Discharge_cfs,log10_value_vs_env_among_non_nondetects,5919,0.061837006541681984,1.926512678507886e-06,3.488262846195345e-06,True
Dechlorometolachlor,Water_Temperature_C,non_nondetect_status_vs_env,12372,0.20357489069288323,7.143831276335056e-116,7.485823199138331e-115,True
Dechlorometolachlor,Water_Temperature_C,log10_value_vs_env_among_non_nondetects,5913,0.37534068866084014,3.438479558142136e-197,1.1678973671620702e-195,True
Dechlorometolachlor,Dissolved_Oxygen_mg_L,non_nondetect_status_vs_env,12258,-0.1829663126449796,9.453513750699061e-93,7.632550036425062e-92,True
Dechlorometolachlor,Dissolved_Oxygen_mg_L,log10_value_vs_env_among_non_nondetects,5856,-0.325666968812349,9.679597417248641e-145,1.5890672426649853e-143,True
Dechlorometolachlor,pH,non_nondetect_status_vs_env,12205,0.018738609050199376,0.03843915941219438,0.05179558416007041,False
Dechlorometolachlor,pH,log10_value_vs_env_among_non_nondetects,5814,0.10126845453505798,9.947812377687313e-15,2.3385668716042965e-14,True
Dechlorometolachlor,Turbidity_FNU,non_nondetect_status_vs_env,3221,0.4751424181977376,4.1281932594489804e-181,9.91773258672499e-180,True
Dechlorometolachlor,Turbidity_FNU,log10_value_vs_env_among_non_nondetects,1723,0.17296090315504037,4.873698709561335e-13,1.1164170299809106e-12,True
Dechlorometolachlor,Specific_Conductance,non_nondetect_status_vs_env,12283,0.07134239001585868,2.4514124964789482e-15,5.804426223634048e-15,True
Dechlorometolachlor,Specific_Conductance,log10_value_vs_env_among_non_nondetects,5854,-0.029098199422858663,0.02599134891710961,0.035906702220691394,True
Desulfinylfipronil,Discharge_cfs,non_nondetect_status_vs_env,10863,-0.2801506728658176,4.655898384133859e-195,1.5286866361239504e-193,True
Desulfinylfipronil,Discharge_cfs,log10_value_vs_env_among_non_nondetects,1348,-0.280819267231164,7.525801236845102e-26,2.148670787910848e-25,True
Desulfinylfipronil,Water_Temperature_C,non_nondetect_status_vs_env,10967,0.14772215894190233,1.5038645090477614e-54,6.954490804751385e-54,True
Desulfinylfipronil,Water_Temperature_C,log10_value_vs_env_among_non_nondetects,1344,0.15830811426014918,5.37571935054244e-09,1.065409167059216e-08,True
Desulfinylfipronil,Dissolved_Oxygen_mg_L,non_nondetect_status_vs_env,10851,-0.07191371068336834,6.383467299621021e-14,1.4759895047245788e-13,True
Desulfinylfipronil,Dissolved_Oxygen_mg_L,log10_value_vs_env_among_non_nondetects,1336,0.0035301178275303877,0.8974287531203132,0.9141337350811878,False
Desulfinylfipronil,pH,non_nondetect_status_vs_env,10829,-0.1474604191957679,1.065493048144504e-53,4.904255385151105e-53,True
Desulfinylfipronil,pH,log10_value_vs_env_among_non_nondetects,1341,0.024439999069033116,0.371170178777822,0.4256142329408087,False
Desulfinylfipronil,Turbidity_FNU,non_nondetect_status_vs_env,2679,-0.10133947517307328,1.469632449656439e-07,2.7703813362890434e-07,True
Desulfinylfipronil,Turbidity_FNU,log10_value_vs_env_among_non_nondetects,315,0.036739995970433405,0.5158877601675012,0.5690363312037947,False
Desulfinylfipronil,Specific_Conductance,non_nondetect_status_vs_env,10887,-0.015753463010662043,0.10025017513396571,0.1272505444677271,False
Desulfinylfipronil,Specific_Conductance,log10_value_vs_env_among_non_nondetects,1345,-0.01729977548606546,0.5261371521734816,0.578058640801205,False
Diazinon,Discharge_cfs,non_nondetect_status_vs_env,12476,-0.09663321453282119,2.835411684899074e-27,8.214354440075258e-27,True
Diazinon,Discharge_cfs,log10_value_vs_env_among_non_nondetects,322,-0.12061165380414876,0.03048071014357707,0.04175730110072798,True
Diazinon,Water_Temperature_C,non_nondetect_status_vs_env,12583,0.003076170128669759,0.7300697441449402,0.7666510639475118,False
Diazinon,Water_Temperature_C,log10_value_vs_env_among_non_nondetects,324,-0.15147638277334252,0.0062985983861378455,0.009246079598130817,True
Diazinon,Dissolved_Oxygen_mg_L,non_nondetect_status_vs_env,12466,-0.029051200546831846,0.0011787946716522188,0.0018343013453040056,True
Diazinon,Dissolved_Oxygen_mg_L,log10_value_vs_env_among_non_nondetects,321,0.08693625752081766,0.12007492132402355,0.15047556934371908,False
Diazinon,pH,non_nondetect_status_vs_env,12416,-0.013469150929277458,0.13342140605215277,0.16572520171673455,False
Diazinon,pH,log10_value_vs_env_among_non_nondetects,318,-0.0911646925668226,0.10465824601094138,0.13199615869823436,False
Diazinon,Turbidity_FNU,non_nondetect_status_vs_env,3297,-0.016189394342153076,0.3527359814582624,0.40727930893535536,False
Diazinon,Turbidity_FNU,log10_value_vs_env_among_non_nondetects,88,-0.10141921762300794,0.3471044765275539,0.40176017553424276,False
Diazinon,Specific_Conductance,non_nondetect_status_vs_env,12495,0.041083080165299254,4.352691570791005e-06,7.795274904052981e-06,True
Diazinon,Specific_Conductance,log10_value_vs_env_among_non_nondetects,322,0.006467109345273505,0.9079711220830988,0.9201147687776259,False
Dicamba,Discharge_cfs,non_nondetect_status_vs_env,12449,0.02065597459443743,0.021183010793447414,0.029387698072599583,True
Dicamba,Discharge_cfs,log10_value_vs_env_among_non_nondetects,394,-0.15872669720215835,0.0015739864377842779,0.002426254524597048,True
Dicamba,Water_Temperature_C,non_nondetect_status_vs_env,12557,0.058895573155021544,3.980605698390374e-11,8.523688288944604e-11,True
Dicamba,Water_Temperature_C,log10_value_vs_env_among_non_nondetects,389,0.05897177353172909,0.2458972813105846,0.29465793441718474,False
Dicamba,Dissolved_Oxygen_mg_L,non_nondetect_status_vs_env,12440,-0.09954903379970922,8.99226733306917e-29,2.7004217448393696e-28,True
Dicamba,Dissolved_Oxygen_mg_L,log10_value_vs_env_among_non_nondetects,389,-0.11735346114009251,0.020605910422055097,0.028667827352717896,True
Dicamba,pH,non_nondetect_status_vs_env,12404,-0.027721456779156342,0.0020170463467018055,0.003066034956020491,True
Dicamba,pH,log10_value_vs_env_among_non_nondetects,374,0.015003914790289619,0.7724230549510094,0.8025703682771564,False
Dicamba,Turbidity_FNU,non_nondetect_status_vs_env,3256,0.19296811027889094,1.1043480785771815e-28,3.3063308735517437e-28,True
Dicamba,Turbidity_FNU,log10_value_vs_env_among_non_nondetects,159,0.3336197145694376,1.728399638443101e-05,3.0401315069043828e-05,True
Dicamba,Specific_Conductance,non_nondetect_status_vs_env,12469,-0.01625584746392458,0.06950210650657687,0.09007838803812923,False
Dicamba,Specific_Conductance,log10_value_vs_env_among_non_nondetects,379,0.030564672959129263,0.5530447680864051,0.6032658876690024,False
Dichlorvos,Discharge_cfs,non_nondetect_status_vs_env,12475,-0.0235168067464341,0.008621011899760443,0.01245116821299712,True
Dichlorvos,Discharge_cfs,log10_value_vs_env_among_non_nondetects,50,-0.27984823873211284,0.04903360917483857,0.06491680784572043,False
Dichlorvos,Water_Temperature_C,non_nondetect_status_vs_env,12583,0.0034410500989485618,0.6995269943295415,0.7401010627439295,False
Dichlorvos,Water_Temperature_C,log10_value_vs_env_among_non_nondetects,50,0.09010134009719578,0.5337669868662218,0.5848281224285077,False
Dichlorvos,Dissolved_Oxygen_mg_L,non_nondetect_status_vs_env,12466,-0.005892422888627386,0.510643469981649,0.5645160695083324,False
Dichlorvos,Dissolved_Oxygen_mg_L,log10_value_vs_env_among_non_nondetects,50,-0.045833435023910366,0.751956754669523,0.7854479356834361,False
Dichlorvos,pH,non_nondetect_status_vs_env,12416,-0.015791508347475683,0.07848674493971643,0.10079458118073101,False
Dichlorvos,pH,log10_value_vs_env_among_non_nondetects,50,-0.4310693255426746,0.0017766239930467915,0.00273006963050092,True
Dichlorvos,Turbidity_FNU,non_nondetect_status_vs_env,3297,0.04434439293494603,0.010880286078836579,0.015532002590802944,True
Dichlorvos,Turbidity_FNU,log10_value_vs_env_among_non_nondetects,12,,,,False
Dichlorvos,Specific_Conductance,non_nondetect_status_vs_env,12495,0.002715357708529099,0.7615121308023178,0.7929063941229207,False
Dichlorvos,Specific_Conductance,log10_value_vs_env_among_non_nondetects,50,-0.3752071276987887,0.0072556377688058745,0.010525483361227963,True
Dicrotophos,Discharge_cfs,non_nondetect_status_vs_env,12380,0.060203532546364784,2.0282120184538714e-11,4.361984362832016e-11,True
Dicrotophos,Discharge_cfs,log10_value_vs_env_among_non_nondetects,215,-0.3442102845034375,2.2578066333635056e-07,4.212006692922449e-07,True
Dicrotophos,Water_Temperature_C,non_nondetect_status_vs_env,12484,0.18232319394983743,9.13864453152881e-94,7.564340221475528e-93,True
Dicrotophos,Water_Temperature_C,log10_value_vs_env_among_non_nondetects,217,-0.018645107742604593,0.7847786668803138,0.814548985118134,False
Dicrotophos,Dissolved_Oxygen_mg_L,non_nondetect_status_vs_env,12367,-0.17403713668373727,1.0726038580961553e-84,7.493012767551155e-84,True
Dicrotophos,Dissolved_Oxygen_mg_L,log10_value_vs_env_among_non_nondetects,213,-0.2352084721178444,0.0005376897549523108,0.0008653993605033108,True
Dicrotophos,pH,non_nondetect_status_vs_env,12318,-0.07216931231235366,1.062079077218209e-15,2.5453719977127394e-15,True
Dicrotophos,pH,log10_value_vs_env_among_non_nondetects,201,-0.008517044076427002,0.9044839200375092,0.9184707847803573,False
Dicrotophos,Turbidity_FNU,non_nondetect_status_vs_env,3258,0.03193556459722761,0.06836217198352988,0.08883474855379542,False
Dicrotophos,Turbidity_FNU,log10_value_vs_env_among_non_nondetects,3,,,,False
Dicrotophos,Specific_Conductance,non_nondetect_status_vs_env,12399,-0.05945817759113523,3.451150267540571e-11,7.406063210299482e-11,True
Dicrotophos,Specific_Conductance,log10_value_vs_env_among_non_nondetects,203,0.16590092301975587,0.01800359700652739,0.025225523543996414,True
Diflubenzuron,Discharge_cfs,non_nondetect_status_vs_env,12481,-0.025556849474126064,0.004298934311395092,0.006396450599281217,True
Diflubenzuron,Discharge_cfs,log10_value_vs_env_among_non_nondetects,65,0.13167154834599204,0.29577690756322467,0.34932884166639844,False
Diflubenzuron,Water_Temperature_C,non_nondetect_status_vs_env,12588,0.0048317988980891985,0.5877778079562513,0.6360703044112721,False
Diflubenzuron,Water_Temperature_C,log10_value_vs_env_among_non_nondetects,65,0.4200909253882635,0.0004942727929817348,0.0007970505206134743,True
Diflubenzuron,Dissolved_Oxygen_mg_L,non_nondetect_status_vs_env,12471,-0.014823793940395043,0.09785313410002905,0.12452885928750466,False
Diflubenzuron,Dissolved_Oxygen_mg_L,log10_value_vs_env_among_non_nondetects,64,-0.5000916098285,2.580842675510948e-05,4.5073227577629146e-05,True
Diflubenzuron,pH,non_nondetect_status_vs_env,12421,-0.005783050166485188,0.5192779623585047,0.5714958580146672,False
Diflubenzuron,pH,log10_value_vs_env_among_non_nondetects,62,-0.12715047066150947,0.32471581960705237,0.3798635181863974,False
Diflubenzuron,Turbidity_FNU,non_nondetect_status_vs_env,3299,-0.00023518818991808505,0.9892261996940249,0.9912388674451826,False
Diflubenzuron,Turbidity_FNU,log10_value_vs_env_among_non_nondetects,7,,,,False
Diflubenzuron,Specific_Conductance,non_nondetect_status_vs_env,12500,0.01318318704717088,0.14052420127459817,0.17388987218025023,False
Diflubenzuron,Specific_Conductance,log10_value_vs_env_among_non_nondetects,65,-0.25757062494055316,0.03832154922107785,0.0517078438120023,False
Diketonitrile-isoxaflutole,Discharge_cfs,non_nondetect_status_vs_env,9888,0.19119317921657084,4.771692345495846e-82,3.1973584764036793e-81,True
Diketonitrile-isoxaflutole,Discharge_cfs,log10_value_vs_env_among_non_nondetects,1474,-0.06422979840627929,0.013647470357744381,0.01934209827680319,True
Diketonitrile-isoxaflutole,Water_Temperature_C,non_nondetect_status_vs_env,9976,0.22151197275447204,3.8782977565604356e-111,3.9382714332082773e-110,True
Diketonitrile-isoxaflutole,Water_Temperature_C,log10_value_vs_env_among_non_nondetects,1467,0.1097953675369234,2.503513760746451e-05,4.380037396687841e-05,True
Diketonitrile-isoxaflutole,Dissolved_Oxygen_mg_L,non_nondetect_status_vs_env,9870,-0.12817815674690586,1.9788394962534337e-37,7.062162694962435e-37,True
Diketonitrile-isoxaflutole,Dissolved_Oxygen_mg_L,log10_value_vs_env_among_non_nondetects,1457,-0.1839306464776638,1.4926113524896436e-12,3.326294529869455e-12,True
Diketonitrile-isoxaflutole,pH,non_nondetect_status_vs_env,9847,0.1971687508519773,6.953130140979329e-87,5.073209769529362e-86,True
Diketonitrile-isoxaflutole,pH,log10_value_vs_env_among_non_nondetects,1460,-0.05556054287124713,0.033771716708939234,0.04607360243532569,True
Diketonitrile-isoxaflutole,Turbidity_FNU,non_nondetect_status_vs_env,2460,0.3980829232675793,3.282707011476243e-94,2.7402257680543215e-93,True
Diketonitrile-isoxaflutole,Turbidity_FNU,log10_value_vs_env_among_non_nondetects,622,0.24559947892535652,5.357904523217316e-10,1.0926575476954567e-09,True
Diketonitrile-isoxaflutole,Specific_Conductance,non_nondetect_status_vs_env,9900,0.1245087036014086,1.6808788008812794e-35,5.809353048659861e-35,True
Diketonitrile-isoxaflutole,Specific_Conductance,log10_value_vs_env_among_non_nondetects,1463,-0.004349526249654192,0.8679803491838166,0.8895207053300959,False
Dimethenamid,Discharge_cfs,non_nondetect_status_vs_env,11954,0.2254925622907299,1.1775175593327304e-137,1.6335983041447033e-136,True
Dimethenamid,Discharge_cfs,log10_value_vs_env_among_non_nondetects,4654,0.024951830958400804,0.08875023039273056,0.11338388707761297,False
Dimethenamid,Water_Temperature_C,non_nondetect_status_vs_env,12042,0.15281187391135137,7.953142384145935e-64,4.2117447571955623e-63,True
Dimethenamid,Water_Temperature_C,log10_value_vs_env_among_non_nondetects,4699,0.2905680162494169,4.311522552985263e-92,3.452723345276816e-91,True
Dimethenamid,Dissolved_Oxygen_mg_L,non_nondetect_status_vs_env,11930,-0.14273697687276674,2.462840226407713e-55,1.1776202053454355e-54,True
Dimethenamid,Dissolved_Oxygen_mg_L,log10_value_vs_env_among_non_nondetects,4673,-0.30959279404169926,2.3866434982627314e-104,2.260426774796914e-103,True
Dimethenamid,pH,non_nondetect_status_vs_env,11890,0.033153638756619565,0.00029950367677210863,0.0004900516970440647,True
Dimethenamid,pH,log10_value_vs_env_among_non_nondetects,4625,0.055612283877562556,0.00015435867829627188,0.00026034811322230787,True
Dimethenamid,Turbidity_FNU,non_nondetect_status_vs_env,3150,0.3971668904586084,1.6003469455137003e-119,1.7514908237011053e-118,True
Dimethenamid,Turbidity_FNU,log10_value_vs_env_among_non_nondetects,1812,0.3277171253070416,1.260970361439461e-46,5.1324620083383025e-46,True
Dimethenamid,Specific_Conductance,non_nondetect_status_vs_env,11959,0.008767462880793319,0.3377081309040456,0.3922671095996284,False
Dimethenamid,Specific_Conductance,log10_value_vs_env_among_non_nondetects,4656,0.08651573658533973,3.3614552725201996e-09,6.729742771204058e-09,True
Dimethoate,Discharge_cfs,non_nondetect_status_vs_env,12470,-0.032770253823988266,0.00025217329877766305,0.0004160648229413704,True
Dimethoate,Discharge_cfs,log10_value_vs_env_among_non_nondetects,244,-0.13186035897443305,0.03957640625747568,0.05303776893008646,False
Dimethoate,Water_Temperature_C,non_nondetect_status_vs_env,12578,0.040411576762438964,5.797916681646522e-06,1.0308570273324592e-05,True
Dimethoate,Water_Temperature_C,log10_value_vs_env_among_non_nondetects,241,0.12285824032299673,0.05683494825567238,0.07454384025544247,False
Dimethoate,Dissolved_Oxygen_mg_L,non_nondetect_status_vs_env,12461,-0.0561049252456596,3.6751183183788514e-10,7.589080804199515e-10,True
Dimethoate,Dissolved_Oxygen_mg_L,log10_value_vs_env_among_non_nondetects,237,-0.21590280946128723,0.000820586153298172,0.0013036731629011281,True
Dimethoate,pH,non_nondetect_status_vs_env,12412,0.02945182220969272,0.0010322577590362123,0.0016190667080424666,True
Dimethoate,pH,log10_value_vs_env_among_non_nondetects,236,-0.030665540658413874,0.6392827064930549,0.6844494194518034,False
Dimethoate,Turbidity_FNU,non_nondetect_status_vs_env,3291,0.018566614730517454,0.28696528826301737,0.3397365492056155,False
Dimethoate,Turbidity_FNU,log10_value_vs_env_among_non_nondetects,53,0.21986130168665147,0.11367889340555105,0.14282360969957628,False
Dimethoate,Specific_Conductance,non_nondetect_status_vs_env,12490,0.0339697299704486,0.00014638243505205799,0.00024731852234352846,True
Dimethoate,Specific_Conductance,log10_value_vs_env_among_non_nondetects,237,0.11712836725786907,0.07188672232985764,0.09304654598542678,False
Diuron,Discharge_cfs,non_nondetect_status_vs_env,9087,-0.10538938673828753,7.27234538691953e-24,1.9842826055722262e-23,True
Diuron,Discharge_cfs,log10_value_vs_env_among_non_nondetects,5151,-0.23430668995142523,3.4896211620732195e-65,1.8990479804652606e-64,True
Diuron,Water_Temperature_C,non_nondetect_status_vs_env,9165,0.23567742395176552,6.96955510225636e-116,7.381733092174747e-115,True
Diuron,Water_Temperature_C,log10_value_vs_env_among_non_nondetects,5154,0.15801226647001204,3.603783951304721e-30,1.112767144838605e-29,True
Diuron,Dissolved_Oxygen_mg_L,non_nondetect_status_vs_env,9066,-0.2606056818173121,1.19773984116885e-140,1.7875359750777534e-139,True
Diuron,Dissolved_Oxygen_mg_L,log10_value_vs_env_among_non_nondetects,5102,-0.20399080373402048,4.642845114333689e-49,1.988348885921167e-48,True
Diuron,pH,non_nondetect_status_vs_env,9055,-0.1773339175425312,7.246976861285838e-65,3.9006951958287164e-64,True
Diuron,pH,log10_value_vs_env_among_non_nondetects,5085,-0.07380946242709353,1.3702955314267425e-07,2.590673893388371e-07,True
Diuron,Turbidity_FNU,non_nondetect_status_vs_env,2163,0.016105978259888694,0.45405406442043267,0.5076540901862954,False
Diuron,Turbidity_FNU,log10_value_vs_env_among_non_nondetects,1397,0.05636261093575958,0.03516755071905663,0.04777936201140798,True
Diuron,Specific_Conductance,non_nondetect_status_vs_env,9095,0.022445129429339915,0.032313088988261796,0.0442061009075526,True
Diuron,Specific_Conductance,log10_value_vs_env_among_non_nondetects,5110,0.08815089682243032,2.7518397732476056e-10,5.706446687681877e-10,True
Ethoprophos,Discharge_cfs,non_nondetect_status_vs_env,12483,-0.11869345195382246,2.10667440811593e-40,7.92013088547401e-40,True
Ethoprophos,Discharge_cfs,log10_value_vs_env_among_non_nondetects,300,-0.20626311285715807,0.00032263163847212243,0.0005252763039587449,True
Ethoprophos,Water_Temperature_C,non_nondetect_status_vs_env,12590,-0.08753307431840048,7.602872519848296e-23,2.040552978760374e-22,True
Ethoprophos,Water_Temperature_C,log10_value_vs_env_among_non_nondetects,300,0.05775723522384825,0.31874464646632533,0.3742115336940768,False
Ethoprophos,Dissolved_Oxygen_mg_L,non_nondetect_status_vs_env,12473,-0.0020353261967056484,0.8201998448173524,0.8477406580745982,False
Ethoprophos,Dissolved_Oxygen_mg_L,log10_value_vs_env_among_non_nondetects,298,-0.19109104320352674,0.0009148478648295083,0.0014441108122709386,True
Ethoprophos,pH,non_nondetect_status_vs_env,12423,-0.1748232321135879,7.773579864575505e-86,5.469268690433481e-85,True
Ethoprophos,pH,log10_value_vs_env_among_non_nondetects,284,-0.13437195170057367,0.023526814735288278,0.03254762993575696,True
Ethoprophos,Turbidity_FNU,non_nondetect_status_vs_env,3302,-0.08176743935026971,2.542328626251557e-06,4.586435342230373e-06,True
Ethoprophos,Turbidity_FNU,log10_value_vs_env_among_non_nondetects,218,0.15862963987637574,0.01910214987031516,0.02672672957707448,True
Ethoprophos,Specific_Conductance,non_nondetect_status_vs_env,12502,-0.1052815236042904,3.7480356830092074e-32,1.1909081121819578e-31,True
Ethoprophos,Specific_Conductance,log10_value_vs_env_among_non_nondetects,298,0.32644895037259125,7.901054429663797e-09,1.5503064966571392e-08,True
Etoxazole,Discharge_cfs,non_nondetect_status_vs_env,12336,-0.00031924657301207407,0.9717174536215433,0.9766751957318572,False
Etoxazole,Discharge_cfs,log10_value_vs_env_among_non_nondetects,23,-0.09982703541721309,0.6504117845941945,0.6941014169287991,False
Etoxazole,Water_Temperature_C,non_nondetect_status_vs_env,12461,-0.003966373857761492,0.6579689441315021,0.7006480107778698,False
Etoxazole,Water_Temperature_C,log10_value_vs_env_among_non_nondetects,24,0.05611135276207046,0.7945407919193307,0.8220826471014084,False
Etoxazole,Dissolved_Oxygen_mg_L,non_nondetect_status_vs_env,12329,0.0008412743990967591,0.9255839515169543,0.9360371583616015,False
Etoxazole,Dissolved_Oxygen_mg_L,log10_value_vs_env_among_non_nondetects,24,0.13141863733426232,0.5404636077504561,0.5908508919358482,False
Etoxazole,pH,non_nondetect_status_vs_env,12287,0.005221429468589605,0.5627757561698746,0.612523889311963,False
Etoxazole,pH,log10_value_vs_env_among_non_nondetects,24,-0.2041500482654568,0.33863514133656375,0.3928805821160368,False
Etoxazole,Turbidity_FNU,non_nondetect_status_vs_env,3252,-0.0037516364370316765,0.830655855991355,0.8576478177688519,False
Etoxazole,Turbidity_FNU,log10_value_vs_env_among_non_nondetects,6,,,,False
Etoxazole,Specific_Conductance,non_nondetect_status_vs_env,12360,0.00017546872822811992,0.9844375645271193,0.9884515811001147,False
Etoxazole,Specific_Conductance,log10_value_vs_env_among_non_nondetects,23,-0.28564369540172857,0.18642395299456785,0.22726187339065512,False
Fipronil,Discharge_cfs,non_nondetect_status_vs_env,11134,-0.23403230327902352,2.2260952288026256e-138,3.132434000529409e-137,True
Fipronil,Discharge_cfs,log10_value_vs_env_among_non_nondetects,2569,-0.3322005614437424,3.109813045781371e-67,1.7503804857683718e-66,True
Fipronil,Water_Temperature_C,non_nondetect_status_vs_env,11209,0.05384747481871433,1.1670350979813822e-08,2.271797572157434e-08,True
Fipronil,Water_Temperature_C,log10_value_vs_env_among_non_nondetects,2554,0.18810700681881806,9.029950105691207e-22,2.3845846793849434e-21,True
Fipronil,Dissolved_Oxygen_mg_L,non_nondetect_status_vs_env,11108,-0.03629135912576283,0.00013038022572157924,0.00022066069129854905,True
Fipronil,Dissolved_Oxygen_mg_L,log10_value_vs_env_among_non_nondetects,2536,-0.09252194640467108,3.056260544488994e-06,5.483454710968414e-06,True
Fipronil,pH,non_nondetect_status_vs_env,11065,-0.21961011450828027,6.179028343365818e-121,6.838587548556551e-120,True
Fipronil,pH,log10_value_vs_env_among_non_nondetects,2548,-0.16522173011942395,4.7119215009302366e-17,1.1661413764865032e-16,True
Fipronil,Turbidity_FNU,non_nondetect_status_vs_env,2831,-0.0584962773620437,0.0018474998128898883,0.002834559681770311,True
Fipronil,Turbidity_FNU,log10_value_vs_env_among_non_nondetects,659,-0.08963059172498353,0.021381941591236926,0.029621958463246653,True
Fipronil,Specific_Conductance,non_nondetect_status_vs_env,11128,-0.0460787490499274,1.157054951081413e-06,2.114469623033751e-06,True
Fipronil,Specific_Conductance,log10_value_vs_env_among_non_nondetects,2560,-0.04375855179206457,0.026828351100128576,0.03690771764472995,True
Fipronil amide,Discharge_cfs,non_nondetect_status_vs_env,7946,-0.32785103601224513,1.8972386213247296e-198,7.187615546172533e-197,True
Fipronil amide,Discharge_cfs,log10_value_vs_env_among_non_nondetects,1531,-0.4451681051264201,2.133035702783534e-75,1.3049938926967586e-74,True
Fipronil amide,Water_Temperature_C,non_nondetect_status_vs_env,7999,0.05606456684622754,5.237091150763404e-07,9.71475477119012e-07,True
Fipronil amide,Water_Temperature_C,log10_value_vs_env_among_non_nondetects,1521,0.03673206050451844,0.1521850933816955,0.1871439662683771,False
Fipronil amide,Dissolved_Oxygen_mg_L,non_nondetect_status_vs_env,7910,0.021616376581726476,0.05455016744452423,0.07164255324380848,False
Fipronil amide,Dissolved_Oxygen_mg_L,log10_value_vs_env_among_non_nondetects,1520,0.007545795841977675,0.7687950085356717,0.7996442274631854,False
Fipronil amide,pH,non_nondetect_status_vs_env,7928,-0.2799244611488263,1.1627775256483399e-142,1.8179934329581187e-141,True
Fipronil amide,pH,log10_value_vs_env_among_non_nondetects,1522,-0.18222207870640847,7.880996151404574e-13,1.7927170366040596e-12,True
Fipronil amide,Turbidity_FNU,non_nondetect_status_vs_env,1671,-0.18938717644558464,5.870360572226454e-15,1.3866439241350258e-14,True
Fipronil amide,Turbidity_FNU,log10_value_vs_env_among_non_nondetects,302,-0.5426087479953902,1.6095201568731133e-24,4.491153978810245e-24,True
Fipronil amide,Specific_Conductance,non_nondetect_status_vs_env,7963,-0.1703181273104792,6.75780942476669e-53,3.0816862423125878e-52,True
Fipronil amide,Specific_Conductance,log10_value_vs_env_among_non_nondetects,1526,-0.09086672668420306,0.0003793210404375376,0.0006155374379422974,True
Fipronil sulfide,Discharge_cfs,non_nondetect_status_vs_env,12490,-0.2825261709181584,6.620158904311976e-228,5.01604347749792e-226,True
Fipronil sulfide,Discharge_cfs,log10_value_vs_env_among_non_nondetects,1074,-0.4008012553253641,1.0412141948506413e-42,4.037779456408983e-42,True
Fipronil sulfide,Water_Temperature_C,non_nondetect_status_vs_env,12596,0.09235662082216584,2.8553942082318427e-25,8.035895128881043e-25,True
Fipronil sulfide,Water_Temperature_C,log10_value_vs_env_among_non_nondetects,1074,0.07948055597496403,0.00916540724754636,0.013198722425194685,True
Fipronil sulfide,Dissolved_Oxygen_mg_L,non_nondetect_status_vs_env,12479,-0.06239432200190256,3.0341285725336504e-12,6.715992458304822e-12,True
Fipronil sulfide,Dissolved_Oxygen_mg_L,log10_value_vs_env_among_non_nondetects,1064,-0.14958794903024358,9.521546924496089e-07,1.7465034861505862e-06,True
Fipronil sulfide,pH,non_nondetect_status_vs_env,12429,-0.21775956021276305,2.645329035712933e-133,3.383959870360051e-132,True
Fipronil sulfide,pH,log10_value_vs_env_among_non_nondetects,1071,-0.26612589490676025,8.048595627398918e-19,2.05918615402284e-18,True
Fipronil sulfide,Turbidity_FNU,non_nondetect_status_vs_env,3296,-0.13174112533497123,3.111092534172366e-14,7.227420156037219e-14,True
Fipronil sulfide,Turbidity_FNU,log10_value_vs_env_among_non_nondetects,251,-0.3347780172142505,5.4782556943361404e-08,1.0417146445793626e-07,True
Fipronil sulfide,Specific_Conductance,non_nondetect_status_vs_env,12508,-0.11024499631523998,3.982912234037689e-35,1.3622113022663625e-34,True
Fipronil sulfide,Specific_Conductance,log10_value_vs_env_among_non_nondetects,1068,-0.29125249013317683,2.513952295226235e-22,6.710685666118812e-22,True
Fipronil sulfone,Discharge_cfs,non_nondetect_status_vs_env,11894,-0.2712815768526441,1.076860529358337e-199,4.242830485671848e-198,True
Fipronil sulfone,Discharge_cfs,log10_value_vs_env_among_non_nondetects,1741,-0.44150567535656704,5.746519175445117e-84,3.986141822403831e-83,True
Fipronil sulfone,Water_Temperature_C,non_nondetect_status_vs_env,11999,0.09649432861449367,3.1904667913589487e-26,9.162127666147417e-26,True
Fipronil sulfone,Water_Temperature_C,log10_value_vs_env_among_non_nondetects,1736,0.12429059545842001,2.0468181333310125e-07,3.840220688249614e-07,True
Fipronil sulfone,Dissolved_Oxygen_mg_L,non_nondetect_status_vs_env,11884,-0.05453834488787736,2.694028125116904e-09,5.404516707210083e-09,True
Fipronil sulfone,Dissolved_Oxygen_mg_L,log10_value_vs_env_among_non_nondetects,1723,-0.0609643173236419,0.011370932835167801,0.01616214840207833,True
Fipronil sulfone,pH,non_nondetect_status_vs_env,11838,-0.2040987468198248,1.57637520317021e-111,1.6174266407527675e-110,True
Fipronil sulfone,pH,log10_value_vs_env_among_non_nondetects,1730,-0.23468475770829325,4.476596265897005e-23,1.204767027843866e-22,True
Fipronil sulfone,Turbidity_FNU,non_nondetect_status_vs_env,3082,-0.10340642823835665,8.726563866942611e-09,1.708879802969875e-08,True
Fipronil sulfone,Turbidity_FNU,log10_value_vs_env_among_non_nondetects,437,-0.35578717184110775,1.7385702246609057e-14,4.07736112212141e-14,True
Fipronil sulfone,Specific_Conductance,non_nondetect_status_vs_env,11914,-0.08219336159421162,2.5691692705964044e-19,6.642078035531387e-19,True
Fipronil sulfone,Specific_Conductance,log10_value_vs_env_among_non_nondetects,1737,-0.19724317238629308,1.0742036752924045e-16,2.625535037625356e-16,True
Fluometuron,Discharge_cfs,non_nondetect_status_vs_env,12482,0.1040288555891514,2.2187018715270113e-31,6.959940584248746e-31,True
Fluometuron,Discharge_cfs,log10_value_vs_env_among_non_nondetects,633,-0.19448995577810255,8.191192708316052e-07,1.5052844809125582e-06,True
Fluometuron,Water_Temperature_C,non_nondetect_status_vs_env,12590,0.20748995030248882,1.758619693984997e-122,2.0142330215990955e-121,True
Fluometuron,Water_Temperature_C,log10_value_vs_env_among_non_nondetects,647,0.2843809202380572,1.6766880784055119e-13,3.858733077638853e-13,True
Fluometuron,Dissolved_Oxygen_mg_L,non_nondetect_status_vs_env,12473,-0.1981310755843694,1.2781773661120739e-110,1.2846986792044823e-109,True
Fluometuron,Dissolved_Oxygen_mg_L,log10_value_vs_env_among_non_nondetects,636,-0.4460302409492073,2.0415528676907507e-32,6.550259200897034e-32,True
Fluometuron,pH,non_nondetect_status_vs_env,12423,-0.11266571884361921,2.2096863599315784e-36,7.718230725292924e-36,True
Fluometuron,pH,log10_value_vs_env_among_non_nondetects,601,-0.12479962541791047,0.002175811555433382,0.003292126547007498,True
Fluometuron,Turbidity_FNU,non_nondetect_status_vs_env,3302,0.06828268819440268,8.607340140678745e-05,0.00014617637997532007,True
Fluometuron,Turbidity_FNU,log10_value_vs_env_among_non_nondetects,46,0.09979338248523303,0.5093468369736434,0.5637153195719536,False
Fluometuron,Specific_Conductance,non_nondetect_status_vs_env,12502,-0.11544704291230314,2.33630129774826e-38,8.55485791182913e-38,True
Fluometuron,Specific_Conductance,log10_value_vs_env_among_non_nondetects,613,-0.11445593531081855,0.004549095672016335,0.0067280168722764115,True
Glyphosate,Discharge_cfs,non_nondetect_status_vs_env,6944,-0.06218639657597131,2.1471981583771143e-07,4.0132641100596916e-07,True
Glyphosate,Discharge_cfs,log10_value_vs_env_among_non_nondetects,5255,-0.1993390167070885,3.0841309238807994e-48,1.3038064206105524e-47,True
Glyphosate,Water_Temperature_C,non_nondetect_status_vs_env,6906,0.2844341019413654,1.1257710877560886e-128,1.3522981968777405e-127,True
Glyphosate,Water_Temperature_C,log10_value_vs_env_among_non_nondetects,5218,0.24506245147311717,3.1850791780910104e-72,1.8899415604937622e-71,True
Glyphosate,Dissolved_Oxygen_mg_L,non_nondetect_status_vs_env,6862,-0.3343084578345252,8.213664265861495e-179,1.881502163226412e-177,True
Glyphosate,Dissolved_Oxygen_mg_L,log10_value_vs_env_among_non_nondetects,5193,-0.32580126252900937,1.1027702253248403e-128,1.3410230517839108e-127,True
Glyphosate,pH,non_nondetect_status_vs_env,6845,-0.014834510148979562,0.21975893674593935,0.26527273614552727,False
Glyphosate,pH,log10_value_vs_env_among_non_nondetects,5173,-0.054686488650422825,8.311297371832521e-05,0.00014139253732737536,True
Glyphosate,Turbidity_FNU,non_nondetect_status_vs_env,2087,0.280709846326686,4.2817682109003466e-39,1.5737095849764334e-38,True
Glyphosate,Turbidity_FNU,log10_value_vs_env_among_non_nondetects,1703,0.27100063490362486,4.7403480748721655e-30,1.4591383917965883e-29,True
Glyphosate,Specific_Conductance,non_nondetect_status_vs_env,6878,0.05042730978471202,2.863918360671674e-05,4.97523736377707e-05,True
Glyphosate,Specific_Conductance,log10_value_vs_env_among_non_nondetects,5197,0.05720427324243883,3.687174288385999e-05,6.349417262343024e-05,True
Halosulfuron methyl,Discharge_cfs,non_nondetect_status_vs_env,12439,-0.02445250505811881,0.00638495245910757,0.00935889608961452,True
Halosulfuron methyl,Discharge_cfs,log10_value_vs_env_among_non_nondetects,81,-0.004285520701693599,0.9697113065009143,0.9756543788594491,False
Halosulfuron methyl,Water_Temperature_C,non_nondetect_status_vs_env,12545,0.05795330163493035,8.257066903443843e-11,1.7453242274446752e-10,True
Halosulfuron methyl,Water_Temperature_C,log10_value_vs_env_among_non_nondetects,78,0.20461889695194674,0.07233020867342248,0.09349771068677315,False
Halosulfuron methyl,Dissolved_Oxygen_mg_L,non_nondetect_status_vs_env,12428,-0.05668571906754788,2.551642702755586e-10,5.313674550135839e-10,True
Halosulfuron methyl,Dissolved_Oxygen_mg_L,log10_value_vs_env_among_non_nondetects,75,-0.2681665291230866,0.020009749289642165,0.027877797808058744,True
Halosulfuron methyl,pH,non_nondetect_status_vs_env,12379,-0.05209817902684784,6.637567147041889e-09,1.310221170307868e-08,True
Halosulfuron methyl,pH,log10_value_vs_env_among_non_nondetects,70,-0.1433238424574262,0.2365458298357434,0.28414346632708204,False
Halosulfuron methyl,Turbidity_FNU,non_nondetect_status_vs_env,3275,-0.046159815289480606,0.008241416020260598,0.011937933499936307,True
Halosulfuron methyl,Turbidity_FNU,log10_value_vs_env_among_non_nondetects,8,,,,False
Halosulfuron methyl,Specific_Conductance,non_nondetect_status_vs_env,12458,-0.06161284798710009,5.869043867768789e-12,1.2961901815588022e-11,True
Halosulfuron methyl,Specific_Conductance,log10_value_vs_env_among_non_nondetects,75,-0.15040124194912935,0.19775417895824068,0.24047884725168775,False
Hexazinone,Discharge_cfs,non_nondetect_status_vs_env,11615,-0.04463259150679464,1.493791640506614e-06,2.7147320404040866e-06,True
Hexazinone,Discharge_cfs,log10_value_vs_env_among_non_nondetects,2893,-0.054378551157453554,0.0034363908949664743,0.0051363354044643055,True
Hexazinone,Water_Temperature_C,non_nondetect_status_vs_env,11713,0.09263148459503297,9.593868414252314e-24,2.6032948727378868e-23,True
Hexazinone,Water_Temperature_C,log10_value_vs_env_among_non_nondetects,2905,0.017234359458044014,0.35311322825461267,0.40727930893535536,False
Hexazinone,Dissolved_Oxygen_mg_L,non_nondetect_status_vs_env,11602,-0.043583598324413796,2.650104482319215e-06,4.77212598735727e-06,True
Hexazinone,Dissolved_Oxygen_mg_L,log10_value_vs_env_among_non_nondetects,2866,-0.022361047863619275,0.2314130223295151,0.27831724907762195,False
Hexazinone,pH,non_nondetect_status_vs_env,11571,-0.03986952644021563,1.787127567722523e-05,3.137826478086783e-05,True
Hexazinone,pH,log10_value_vs_env_among_non_nondetects,2859,-0.06819987175084298,0.00026298077638425035,0.0004331706768202117,True
Hexazinone,Turbidity_FNU,non_nondetect_status_vs_env,3010,-0.175627037335066,2.8137380014529984e-22,7.490626841705954e-22,True
Hexazinone,Turbidity_FNU,log10_value_vs_env_among_non_nondetects,848,-0.05749914229772282,0.09426530262753562,0.12011814112305638,False
Hexazinone,Specific_Conductance,non_nondetect_status_vs_env,11636,0.03205574276699533,0.0005434351616618094,0.0008732196317078013,True
Hexazinone,Specific_Conductance,log10_value_vs_env_among_non_nondetects,2880,0.020806030388497695,0.264334455601485,0.3152172382172672,False
Hydroxymetolachlor,Discharge_cfs,non_nondetect_status_vs_env,12096,0.2871243874977516,2.8291062936716106e-228,2.3222247493887804e-226,True
Hydroxymetolachlor,Discharge_cfs,log10_value_vs_env_among_non_nondetects,5245,0.046869058855164125,0.0006852206912471483,0.001097467285981205,True
Hydroxymetolachlor,Water_Temperature_C,non_nondetect_status_vs_env,12198,0.22489062633509277,1.145765018057888e-139,1.65967432762797e-138,True
Hydroxymetolachlor,Water_Temperature_C,log10_value_vs_env_among_non_nondetects,5250,0.38937815421917416,1.1984117887637348e-189,3.372673176949368e-188,True
Hydroxymetolachlor,Dissolved_Oxygen_mg_L,non_nondetect_status_vs_env,12086,-0.17813236536709792,9.922350761284329e-87,7.186408455783134e-86,True
Hydroxymetolachlor,Dissolved_Oxygen_mg_L,log10_value_vs_env_among_non_nondetects,5206,-0.3764456781458391,6.047468628757789e-175,1.2949470868100917e-173,True
Hydroxymetolachlor,pH,non_nondetect_status_vs_env,12038,0.064427522934539,1.4894881249047913e-12,3.326294529869455e-12,True
Hydroxymetolachlor,pH,log10_value_vs_env_among_non_nondetects,5156,0.026831088841850457,0.05404273945920696,0.07116590690818028,False
Hydroxymetolachlor,Turbidity_FNU,non_nondetect_status_vs_env,3181,0.4913398077161934,5.319654634382805e-193,1.637456192145957e-191,True
Hydroxymetolachlor,Turbidity_FNU,log10_value_vs_env_among_non_nondetects,1651,0.275766722911787,3.3713055406408025e-30,1.0442565904186133e-29,True
Hydroxymetolachlor,Specific_Conductance,non_nondetect_status_vs_env,12116,0.042962443161446894,2.2375966626035486e-06,4.0440967204853125e-06,True
Hydroxymetolachlor,Specific_Conductance,log10_value_vs_env_among_non_nondetects,5196,-0.06940130937803363,5.513895743997366e-07,1.020899869894249e-06,True
Hydroxysimazine,Discharge_cfs,non_nondetect_status_vs_env,9700,-0.14687067188999797,6.551078087703856e-48,2.7342423374526684e-47,True
Hydroxysimazine,Discharge_cfs,log10_value_vs_env_among_non_nondetects,2537,-0.4020080099103379,3.6510652303264528e-99,3.3299067146958854e-98,True
Hydroxysimazine,Water_Temperature_C,non_nondetect_status_vs_env,9771,0.17754942004055432,5.1030037761347495e-70,2.974235928693922e-69,True
Hydroxysimazine,Water_Temperature_C,log10_value_vs_env_among_non_nondetects,2538,0.18571514714009718,3.961289221076476e-21,1.043280717315596e-20,True
Hydroxysimazine,Dissolved_Oxygen_mg_L,non_nondetect_status_vs_env,9673,-0.16653277787856965,4.1954623012466716e-61,2.1523595660041518e-60,True
Hydroxysimazine,Dissolved_Oxygen_mg_L,log10_value_vs_env_among_non_nondetects,2513,-0.21476832736517606,1.3115592196533186e-27,3.879537031106663e-27,True
Hydroxysimazine,pH,non_nondetect_status_vs_env,9635,-0.15417483217740763,2.5025956684977547e-52,1.1204803333955856e-51,True
Hydroxysimazine,pH,log10_value_vs_env_among_non_nondetects,2520,-0.09115262146166685,4.581360712847826e-06,8.189909804274245e-06,True
Hydroxysimazine,Turbidity_FNU,non_nondetect_status_vs_env,2507,0.03082367647228507,0.12284609141906896,0.1535576142738362,False
Hydroxysimazine,Turbidity_FNU,log10_value_vs_env_among_non_nondetects,651,-0.31131352391680467,4.2678620452168195e-16,1.037986201120634e-15,True
Hydroxysimazine,Specific_Conductance,non_nondetect_status_vs_env,9688,-0.015354932707749083,0.13072633794234073,0.16258262989041114,False
Hydroxysimazine,Specific_Conductance,log10_value_vs_env_among_non_nondetects,2520,0.0836681851511145,2.6061981384547144e-05,4.54354896704052e-05,True
Imazethapyr,Discharge_cfs,non_nondetect_status_vs_env,11651,0.27266441659375923,1.0312434747931899e-197,3.627767223826043e-196,True
Imazethapyr,Discharge_cfs,log10_value_vs_env_among_non_nondetects,2776,-0.1288407683332518,9.51267214428e-12,2.0776013441498447e-11,True
Imazethapyr,Water_Temperature_C,non_nondetect_status_vs_env,11754,0.1674952756652577,1.0593637537174627e-74,6.401676671237427e-74,True
Imazethapyr,Water_Temperature_C,log10_value_vs_env_among_non_nondetects,2762,0.3478026875554111,2.3244682437856594e-79,1.4964713857051467e-78,True
Imazethapyr,Dissolved_Oxygen_mg_L,non_nondetect_status_vs_env,11641,-0.13119669242833223,7.371269874513037e-46,2.9395549904434585e-45,True
Imazethapyr,Dissolved_Oxygen_mg_L,log10_value_vs_env_among_non_nondetects,2734,-0.3916179553501409,6.656152134081992e-101,6.185197973651663e-100,True
Imazethapyr,pH,non_nondetect_status_vs_env,11597,0.1444825635659763,3.9067157463851855e-55,1.8324357191378132e-54,True
Imazethapyr,pH,log10_value_vs_env_among_non_nondetects,2710,-0.19417845978404027,1.9613334828028932e-24,5.4573827134487285e-24,True
Imazethapyr,Turbidity_FNU,non_nondetect_status_vs_env,3033,0.49034486029107116,2.9084493244239905e-183,7.345698934763155e-182,True
Imazethapyr,Turbidity_FNU,log10_value_vs_env_among_non_nondetects,992,0.266027221549514,1.5645890542393733e-17,3.9214254921775645e-17,True
Imazethapyr,Specific_Conductance,non_nondetect_status_vs_env,11662,0.07921461239988892,1.0622342804141044e-17,2.675961038894867e-17,True
Imazethapyr,Specific_Conductance,log10_value_vs_env_among_non_nondetects,2722,-0.1841126671265161,3.5210630993800967e-22,9.348375075173572e-22,True
Imidacloprid,Discharge_cfs,non_nondetect_status_vs_env,11881,-0.1270803731787572,5.766638497927006e-44,2.2811802893406027e-43,True
Imidacloprid,Discharge_cfs,log10_value_vs_env_among_non_nondetects,5400,-0.16304917767069274,1.7256059645954488e-33,5.665739583755057e-33,True
Imidacloprid,Water_Temperature_C,non_nondetect_status_vs_env,11983,0.24539084902731237,7.851005077395714e-164,1.45910188702543e-162,True
Imidacloprid,Water_Temperature_C,log10_value_vs_env_among_non_nondetects,5388,0.333011174479019,1.1011775432173163e-139,1.6188953433866514e-138,True
Imidacloprid,Dissolved_Oxygen_mg_L,non_nondetect_status_vs_env,11871,-0.23045721933106905,7.072977828770838e-143,1.1236908324740767e-141,True
Imidacloprid,Dissolved_Oxygen_mg_L,log10_value_vs_env_among_non_nondetects,5349,-0.3297287603389412,7.595037305653535e-136,1.0109610467660449e-134,True
Imidacloprid,pH,non_nondetect_status_vs_env,11828,-0.21926771590466376,9.835238483979857e-129,1.2109637383400198e-127,True
Imidacloprid,pH,log10_value_vs_env_among_non_nondetects,5311,-0.16388925341507762,2.7146721489454155e-33,8.883561683426028e-33,True
Imidacloprid,Turbidity_FNU,non_nondetect_status_vs_env,3108,0.27529064947643783,3.629582738940802e-55,1.7105928219410003e-54,True
Imidacloprid,Turbidity_FNU,log10_value_vs_env_among_non_nondetects,1439,0.09172321307661715,0.0004944140792840943,0.0007970505206134743,True
Imidacloprid,Specific_Conductance,non_nondetect_status_vs_env,11899,-0.065601098401312,7.898875064834131e-13,1.7927170366040596e-12,True
Imidacloprid,Specific_Conductance,log10_value_vs_env_among_non_nondetects,5339,-0.05735165435827468,2.7520784009123225e-05,4.7893943902802786e-05,True
Linuron,Discharge_cfs,non_nondetect_status_vs_env,12482,-0.014652492738545497,0.10164248791460077,0.1288518025687024,False
Linuron,Discharge_cfs,log10_value_vs_env_among_non_nondetects,148,-0.1559221236192225,0.05844010962246754,0.07644556172394491,False
Linuron,Water_Temperature_C,non_nondetect_status_vs_env,12590,0.023137239270000564,0.009425909646390545,0.013554045257948448,True
Linuron,Water_Temperature_C,log10_value_vs_env_among_non_nondetects,152,0.06456140893182293,0.429398885983017,0.4839335271090066,False
Linuron,Dissolved_Oxygen_mg_L,non_nondetect_status_vs_env,12473,-0.057540652733781936,1.2678955917622594e-10,2.6571854423102666e-10,True
Linuron,Dissolved_Oxygen_mg_L,log10_value_vs_env_among_non_nondetects,150,-0.2204996800004516,0.0066995055573492905,0.009790820436185536,True
Linuron,pH,non_nondetect_status_vs_env,12423,-0.029671308066547622,0.0009412758756633664,0.0014810810503648815,True
Linuron,pH,log10_value_vs_env_among_non_nondetects,143,-0.013119724494010327,0.8764123179919939,0.895504287574807,False
Linuron,Turbidity_FNU,non_nondetect_status_vs_env,3302,-0.0001402626265857593,0.9935716220722747,0.9935716220722747,False
Linuron,Turbidity_FNU,log10_value_vs_env_among_non_nondetects,24,0.33652173913043476,0.1078562011927474,0.13585467797296188,False
Linuron,Specific_Conductance,non_nondetect_status_vs_env,12502,-0.005091296035002844,0.5692092205935901,0.6181599584175151,False
Linuron,Specific_Conductance,log10_value_vs_env_among_non_nondetects,150,0.16300696325831862,0.046253826556861666,0.061401643070766496,False
Malathion,Discharge_cfs,non_nondetect_status_vs_env,12460,-0.036005114293866367,5.821090820377798e-05,9.971781666212401e-05,True
Malathion,Discharge_cfs,log10_value_vs_env_among_non_nondetects,99,-0.1995374049769557,0.04769027944208765,0.0632233179683127,False
Malathion,Water_Temperature_C,non_nondetect_status_vs_env,12568,0.03278305194316536,0.00023707271208006788,0.00039312562525061764,True
Malathion,Water_Temperature_C,log10_value_vs_env_among_non_nondetects,98,0.5011731860886657,1.4709740496235224e-07,2.7703813362890434e-07,True
Malathion,Dissolved_Oxygen_mg_L,non_nondetect_status_vs_env,12451,-0.028783560893334434,0.0013175506883664667,0.002037342901163218,True
Malathion,Dissolved_Oxygen_mg_L,log10_value_vs_env_among_non_nondetects,96,-0.5408988201871782,1.2759941995911831e-08,2.479002537667289e-08,True
Malathion,pH,non_nondetect_status_vs_env,12402,-0.01081785935401848,0.22834354600225693,0.27496136040614066,False
Malathion,pH,log10_value_vs_env_among_non_nondetects,97,0.09852464561017431,0.33699764319243813,0.39190398883654254,False
Malathion,Turbidity_FNU,non_nondetect_status_vs_env,3284,0.012739134038755715,0.4655228444369006,0.5187104092424741,False
Malathion,Turbidity_FNU,log10_value_vs_env_among_non_nondetects,24,-0.2069565217391304,0.33189156768314726,0.38687951972532547,False
Malathion,Specific_Conductance,non_nondetect_status_vs_env,12480,0.028044144545716625,0.0017289760543500044,0.0026610022086480537,True
Malathion,Specific_Conductance,log10_value_vs_env_among_non_nondetects,96,0.30986584192033834,0.0021243381153831795,0.0032191892979268185,True
Metalaxyl,Discharge_cfs,non_nondetect_status_vs_env,11558,-0.012562537301268068,0.1768613524104568,0.21640799021652168,False
Metalaxyl,Discharge_cfs,log10_value_vs_env_among_non_nondetects,3239,-0.219175443514991,1.5825633982499557e-36,5.5474197411964636e-36,True
Metalaxyl,Water_Temperature_C,non_nondetect_status_vs_env,11653,0.2296398717181376,2.7740862397326552e-139,3.96010861758937e-138,True
Metalaxyl,Water_Temperature_C,log10_value_vs_env_among_non_nondetects,3241,0.23823285601470875,4.6986842723911825e-43,1.8293296475515077e-42,True
Metalaxyl,Dissolved_Oxygen_mg_L,non_nondetect_status_vs_env,11537,-0.25774400305786244,1.8883827589635923e-174,3.957568122508805e-173,True
Metalaxyl,Dissolved_Oxygen_mg_L,log10_value_vs_env_among_non_nondetects,3210,-0.33241343789669525,1.1406668273106363e-83,7.857040733573264e-83,True
Metalaxyl,pH,non_nondetect_status_vs_env,11483,-0.20219941239269523,3.1258514824216885e-106,3.0484789209756075e-105,True
Metalaxyl,pH,log10_value_vs_env_among_non_nondetects,3163,-0.1214078217999344,7.349000033629834e-12,1.615795766322631e-11,True
Metalaxyl,Turbidity_FNU,non_nondetect_status_vs_env,3010,0.21343038707007148,2.3855646240881834e-32,7.604469756397607e-32,True
Metalaxyl,Turbidity_FNU,log10_value_vs_env_among_non_nondetects,1054,0.024525456773097386,0.42637925239073693,0.48108082887156456,False
Metalaxyl,Specific_Conductance,non_nondetect_status_vs_env,11563,-0.12389302096670805,8.755300337296024e-41,3.316911858552532e-40,True
Metalaxyl,Specific_Conductance,log10_value_vs_env_among_non_nondetects,3199,-0.05771639646890071,0.0010912873364596067,0.0017062190895439885,True
Metconazole,Discharge_cfs,non_nondetect_status_vs_env,11927,-0.064178241061569,2.292011222666551e-12,5.096232628276642e-12,True
Metconazole,Discharge_cfs,log10_value_vs_env_among_non_nondetects,216,-0.22908658541565138,0.0006924152532146739,0.001107130686064935,True
Metconazole,Water_Temperature_C,non_nondetect_status_vs_env,12030,0.04174171126350855,4.654035414773284e-06,8.304755223825516e-06,True
Metconazole,Water_Temperature_C,log10_value_vs_env_among_non_nondetects,214,-0.07632273300158343,0.266315218426618,0.31719527224935756,False
Metconazole,Dissolved_Oxygen_mg_L,non_nondetect_status_vs_env,11915,-0.06197586072583154,1.2804817081222579e-11,2.7781376266529164e-11,True
Metconazole,Dissolved_Oxygen_mg_L,log10_value_vs_env_among_non_nondetects,209,-0.17860970308625013,0.00966795935719594,0.013861630228294033,True
Metconazole,pH,non_nondetect_status_vs_env,11864,0.0011199585593829517,0.9029185796456847,0.9178274519618157,False
Metconazole,pH,log10_value_vs_env_among_non_nondetects,210,-0.18492529722214596,0.007208786390922574,0.010472941880617604,True
Metconazole,Turbidity_FNU,non_nondetect_status_vs_env,3215,0.07003245971851668,7.060306509361189e-05,0.00012031837217509983,True
Metconazole,Turbidity_FNU,log10_value_vs_env_among_non_nondetects,108,-0.042291467178060184,0.6638628291461441,0.7053990147885134,False
Metconazole,Specific_Conductance,non_nondetect_status_vs_env,11945,0.026566576074778008,0.0036871741476361946,0.005502828083972199,True
Metconazole,Specific_Conductance,log10_value_vs_env_among_non_nondetects,214,-0.07512226751461905,0.2739311519773675,0.32508696951530963,False
Methamidophos,Discharge_cfs,non_nondetect_status_vs_env,12477,-0.10718936114588984,3.284193911213914e-33,1.0711692061409618e-32,True
Methamidophos,Discharge_cfs,log10_value_vs_env_among_non_nondetects,350,-0.19883732648420946,0.0001810776499874652,0.0003038526153963428,True
Methamidophos,Water_Temperature_C,non_nondetect_status_vs_env,12584,0.10560338235631908,1.5314337294812008e-32,4.929615109604519e-32,True
Methamidophos,Water_Temperature_C,log10_value_vs_env_among_non_nondetects,347,0.16172785755017977,0.0025135772800939315,0.003785739481487037,True
Methamidophos,Dissolved_Oxygen_mg_L,non_nondetect_status_vs_env,12467,-0.09877348740298145,2.083581882661938e-28,6.219176225521239e-28,True
Methamidophos,Dissolved_Oxygen_mg_L,log10_value_vs_env_among_non_nondetects,345,-0.152822748877637,0.004441359561443672,0.006578555139882732,True
Methamidophos,pH,non_nondetect_status_vs_env,12417,-0.06033241005619351,1.7155160935526335e-11,3.705665245941544e-11,True
Methamidophos,pH,log10_value_vs_env_among_non_nondetects,335,0.12705633567402017,0.020004904683010964,0.027877797808058744,True
Methamidophos,Turbidity_FNU,non_nondetect_status_vs_env,3296,-0.03490425418104313,0.0450988202092019,0.06003018635954577,False
Methamidophos,Turbidity_FNU,log10_value_vs_env_among_non_nondetects,36,-0.5138075409613039,0.0013495002686571324,0.002083476120105447,True
Methamidophos,Specific_Conductance,non_nondetect_status_vs_env,12496,0.006330441038497861,0.47920122703650136,0.5333482583400608,False
Methamidophos,Specific_Conductance,log10_value_vs_env_among_non_nondetects,333,0.21234622486132887,9.422194116703347e-05,0.00015973943554135623,True
Methomyl,Discharge_cfs,non_nondetect_status_vs_env,12482,-0.04510307165530459,4.628506198625546e-07,8.60203510499276e-07,True
Methomyl,Discharge_cfs,log10_value_vs_env_among_non_nondetects,250,-0.17059366906350568,0.006858210850065416,0.010007907684910274,True
Methomyl,Water_Temperature_C,non_nondetect_status_vs_env,12589,0.0564688783177445,2.293503638273285e-10,4.786231109532173e-10,True
Methomyl,Water_Temperature_C,log10_value_vs_env_among_non_nondetects,255,-0.00867974856731886,0.8902988256875897,0.9078098791949025,False
Methomyl,Dissolved_Oxygen_mg_L,non_nondetect_status_vs_env,12472,-0.08851797249424713,4.0005472216672697e-23,1.0795997296828111e-22,True
Methomyl,Dissolved_Oxygen_mg_L,log10_value_vs_env_among_non_nondetects,251,-0.12924278908571143,0.04076041587320332,0.05455028483030608,False
Methomyl,pH,non_nondetect_status_vs_env,12422,-0.022740771605056193,0.011256832241432271,0.016023092135564722,True
Methomyl,pH,log10_value_vs_env_among_non_nondetects,250,0.11343346469562651,0.07340007619925724,0.09475632379589564,False
Methomyl,Turbidity_FNU,non_nondetect_status_vs_env,3301,0.0076551634267893985,0.6601818222646106,0.7022452429056604,False
Methomyl,Turbidity_FNU,log10_value_vs_env_among_non_nondetects,54,-0.14020241297074543,0.31193447585378953,0.36665329202384567,False
Methomyl,Specific_Conductance,non_nondetect_status_vs_env,12501,0.024554411425759034,0.006041585057628012,0.008882031763826256,True
Methomyl,Specific_Conductance,log10_value_vs_env_among_non_nondetects,251,0.3258202965523414,1.284750630294271e-07,2.4336141746920324e-07,True
Methoxyfenozide,Discharge_cfs,non_nondetect_status_vs_env,10855,0.14919611178133813,4.540446454715873e-55,2.1095942254222333e-54,True
Methoxyfenozide,Discharge_cfs,log10_value_vs_env_among_non_nondetects,2899,0.006138523612751867,0.7411179994858522,0.7757717635425765,False
Methoxyfenozide,Water_Temperature_C,non_nondetect_status_vs_env,10936,0.16366398997383355,1.5937994402652126e-66,8.819620498096824e-66,True
Methoxyfenozide,Water_Temperature_C,log10_value_vs_env_among_non_nondetects,2906,0.09005323373412177,1.1601657982942954e-06,2.1162283542960756e-06,True
Methoxyfenozide,Dissolved_Oxygen_mg_L,non_nondetect_status_vs_env,10840,-0.18913302658558026,7.556542375119186e-88,5.638783514766967e-87,True
Methoxyfenozide,Dissolved_Oxygen_mg_L,log10_value_vs_env_among_non_nondetects,2866,-0.15972996019981242,7.785825242270033e-18,1.976556150421645e-17,True
Methoxyfenozide,pH,non_nondetect_status_vs_env,10787,-0.2425990732608826,2.78351587553904e-144,4.494693667878614e-143,True
Methoxyfenozide,pH,log10_value_vs_env_among_non_nondetects,2818,-0.22452955608894065,1.554399099699263e-33,5.1206793083738265e-33,True
Methoxyfenozide,Turbidity_FNU,non_nondetect_status_vs_env,2676,-0.15642788243341293,4.005622704021989e-16,9.766184067974405e-16,True
Methoxyfenozide,Turbidity_FNU,log10_value_vs_env_among_non_nondetects,491,-0.22046064925302455,8.078617815266222e-07,1.4873716912219119e-06,True
Methoxyfenozide,Specific_Conductance,non_nondetect_status_vs_env,10854,-0.25393257698658,2.5612615259353704e-159,4.5869865509933446e-158,True
Methoxyfenozide,Specific_Conductance,log10_value_vs_env_among_non_nondetects,2839,-0.22802634874402813,8.316815264241325e-35,2.815141936521548e-34,True
Metolachlor,Discharge_cfs,non_nondetect_status_vs_env,12379,0.2822966231490761,1.6102950900097516e-225,1.1329576168997181e-223,True
Metolachlor,Discharge_cfs,log10_value_vs_env_among_non_nondetects,8250,0.20769917803192509,4.425144624382139e-81,2.905844970010938e-80,True
Metolachlor,Water_Temperature_C,non_nondetect_status_vs_env,12486,0.16656805876766376,2.265149215785684e-78,1.4302384471467299e-77,True
Metolachlor,Water_Temperature_C,log10_value_vs_env_among_non_nondetects,8347,0.3464299258208688,5.332974513780267e-234,5.252979896073564e-232,True
Metolachlor,Dissolved_Oxygen_mg_L,non_nondetect_status_vs_env,12370,-0.1132564551226906,1.3395626217026676e-36,4.729280223573934e-36,True
Metolachlor,Dissolved_Oxygen_mg_L,log10_value_vs_env_among_non_nondetects,8271,-0.3347997043990422,8.865634149955032e-216,5.457906023566067e-214,True
Metolachlor,pH,non_nondetect_status_vs_env,12321,-0.06893974578824641,1.8499397720080976e-14,4.3282438846270216e-14,True
Metolachlor,pH,log10_value_vs_env_among_non_nondetects,8233,0.11385030698249428,3.6744058407303005e-25,1.0311366818003835e-24,True
Metolachlor,Turbidity_FNU,non_nondetect_status_vs_env,3255,0.3245371610267006,1.0410847879120048e-80,6.791182225783607e-80,True
Metolachlor,Turbidity_FNU,log10_value_vs_env_among_non_nondetects,2420,0.5482525565655764,5.733482008588194e-190,1.6610234642527562e-188,True
Metolachlor,Specific_Conductance,non_nondetect_status_vs_env,12398,-0.03741203420399526,3.0899954199264263e-05,5.3585307898372e-05,True
Metolachlor,Specific_Conductance,log10_value_vs_env_among_non_nondetects,8275,0.04988260956190211,5.630404772351569e-06,1.0028840326882993e-05,True
Metolachlor ESA,Discharge_cfs,non_nondetect_status_vs_env,12264,0.33885008521753573,0.0,0.0,True
Metolachlor ESA,Discharge_cfs,log10_value_vs_env_among_non_nondetects,6704,-0.13328724447604648,5.937726272682169e-28,1.7669668817498298e-27,True
Metolachlor ESA,Water_Temperature_C,non_nondetect_status_vs_env,12357,0.035942838653297414,6.432214751967743e-05,0.00010980470590447533,True
Metolachlor ESA,Water_Temperature_C,log10_value_vs_env_among_non_nondetects,6791,0.1602217747473491,2.7551011051989036e-40,1.0318534557493993e-39,True
Metolachlor ESA,Dissolved_Oxygen_mg_L,non_nondetect_status_vs_env,12240,-0.016105477917839752,0.07478909386799587,0.09642311185860723,False
Metolachlor ESA,Dissolved_Oxygen_mg_L,log10_value_vs_env_among_non_nondetects,6725,-0.15636840285824122,4.4889796324756324e-38,1.6137390284629554e-37,True
Metolachlor ESA,pH,non_nondetect_status_vs_env,12190,0.030719442944988448,0.0006935021657888983,0.001107130686064935,True
Metolachlor ESA,pH,log10_value_vs_env_among_non_nondetects,6688,0.1449984717467466,9.443330679848084e-33,3.0497313834919227e-32,True
Metolachlor ESA,Turbidity_FNU,non_nondetect_status_vs_env,3228,0.33924979958573703,9.20325826102766e-88,6.765081632173317e-87,True
Metolachlor ESA,Turbidity_FNU,log10_value_vs_env_among_non_nondetects,2056,0.30625900059131056,6.749288371303312e-46,2.702458961680391e-45,True
Metolachlor ESA,Specific_Conductance,non_nondetect_status_vs_env,12268,-0.015222352839342257,0.09180177853276827,0.1171305075839077,False
Metolachlor ESA,Specific_Conductance,log10_value_vs_env_among_non_nondetects,6734,0.18055780043814346,1.8955126785259363e-50,8.335178519410925e-50,True
Metolachlor OA,Discharge_cfs,non_nondetect_status_vs_env,10502,0.193407526312319,4.777789257017306e-89,3.648156913303912e-88,True
Metolachlor OA,Discharge_cfs,log10_value_vs_env_among_non_nondetects,3363,-0.1132731928714193,4.4687870616955963e-11,9.548276042885385e-11,True
Metolachlor OA,Water_Temperature_C,non_nondetect_status_vs_env,10568,0.12278746736183418,8.769431132508128e-37,3.107154555942628e-36,True
Metolachlor OA,Water_Temperature_C,log10_value_vs_env_among_non_nondetects,3353,0.3170836823612506,3.4034932163017275e-79,2.176909622115066e-78,True
Metolachlor OA,Dissolved_Oxygen_mg_L,non_nondetect_status_vs_env,10469,-0.12874475195908883,6.175562133562073e-40,2.2954447930409967e-39,True
Metolachlor OA,Dissolved_Oxygen_mg_L,log10_value_vs_env_among_non_nondetects,3326,-0.2802100704031526,4.6717213982041855e-61,2.384272319808872e-60,True
Metolachlor OA,pH,non_nondetect_status_vs_env,10424,0.06955448730157501,1.1677476382841957e-12,2.6260991408902573e-12,True
Metolachlor OA,pH,log10_value_vs_env_among_non_nondetects,3273,-0.031110121762265363,0.07514713713016921,0.09675807852708061,False
Metolachlor OA,Turbidity_FNU,non_nondetect_status_vs_env,2667,0.4085638391741584,7.743848871384164e-108,7.704738523548891e-107,True
Metolachlor OA,Turbidity_FNU,log10_value_vs_env_among_non_nondetects,1127,0.1731866087190553,4.861712654571638e-09,9.654812428937627e-09,True
Metolachlor OA,Specific_Conductance,non_nondetect_status_vs_env,10486,0.05411477070773508,2.9425974064053128e-08,5.67213002995936e-08,True
Metolachlor OA,Specific_Conductance,log10_value_vs_env_among_non_nondetects,3308,-0.10326799038798455,2.630178912946759e-09,5.2871963862297095e-09,True
Metribuzin,Discharge_cfs,non_nondetect_status_vs_env,10829,0.23920994624844266,9.380800858737734e-141,1.421552130131795e-139,True
Metribuzin,Discharge_cfs,log10_value_vs_env_among_non_nondetects,1960,-0.11694354394529988,2.0823569886456267e-07,3.8994707867223236e-07,True
Metribuzin,Water_Temperature_C,non_nondetect_status_vs_env,10893,0.13203035880711497,1.4828305837275402e-43,5.819076195106084e-43,True
Metribuzin,Water_Temperature_C,log10_value_vs_env_among_non_nondetects,1961,0.18197220743932538,4.62114958275203e-16,1.118386324081265e-15,True
Metribuzin,Dissolved_Oxygen_mg_L,non_nondetect_status_vs_env,10797,-0.18150660113297265,1.2555282084917446e-80,8.136153193186635e-80,True
Metribuzin,Dissolved_Oxygen_mg_L,log10_value_vs_env_among_non_nondetects,1939,-0.27341137831028334,1.37716621228102e-34,4.645577805126044e-34,True
Metribuzin,pH,non_nondetect_status_vs_env,10751,-0.045046477757468076,2.9746255168906434e-06,5.3467265221483284e-06,True
Metribuzin,pH,log10_value_vs_env_among_non_nondetects,1884,-0.19089782580445092,6.411399682798478e-17,1.5788071718891251e-16,True
Metribuzin,Turbidity_FNU,non_nondetect_status_vs_env,2791,0.41961702168403564,1.813164517929313e-119,1.9626011540223882e-118,True
Metribuzin,Turbidity_FNU,log10_value_vs_env_among_non_nondetects,748,0.22477398731669657,5.070135598429864e-10,1.036116922085771e-09,True
Metribuzin,Specific_Conductance,non_nondetect_status_vs_env,10818,-0.060707444666810856,2.6282409553161654e-10,5.461639959886967e-10,True
Metribuzin,Specific_Conductance,log10_value_vs_env_among_non_nondetects,1917,-0.15421084404396643,1.1358996297821732e-11,2.475356494104957e-11,True
Myclobutanil,Discharge_cfs,non_nondetect_status_vs_env,12479,-0.26418983216360126,2.545870177669963e-198,9.287711574092272e-197,True
Myclobutanil,Discharge_cfs,log10_value_vs_env_among_non_nondetects,792,-0.2924314101739694,4.424112997338689e-17,1.0976703532439819e-16,True
Myclobutanil,Water_Temperature_C,non_nondetect_status_vs_env,12586,0.049699751709610475,2.424945555505559e-08,4.68347327877054e-08,True
Myclobutanil,Water_Temperature_C,log10_value_vs_env_among_non_nondetects,789,-0.10137620616213323,0.004366393148466198,0.00648702451167301,True
Myclobutanil,Dissolved_Oxygen_mg_L,non_nondetect_status_vs_env,12469,-0.09032562838326531,5.205132880872234e-24,1.428149272328454e-23,True
Myclobutanil,Dissolved_Oxygen_mg_L,log10_value_vs_env_among_non_nondetects,778,-0.202791087152884,1.1519896194698138e-08,2.2469500498569636e-08,True
Myclobutanil,pH,non_nondetect_status_vs_env,12419,-0.13412321967196789,6.022834836663866e-51,2.6722938351864447e-50,True
Myclobutanil,pH,log10_value_vs_env_among_non_nondetects,773,-0.3432908729685987,8.42117112315729e-23,2.2540362924755244e-22,True
Myclobutanil,Turbidity_FNU,non_nondetect_status_vs_env,3298,-0.054174022379159276,0.0018568382513481712,0.0028444567302922997,True
Myclobutanil,Turbidity_FNU,log10_value_vs_env_among_non_nondetects,233,0.1012672099158279,0.1232124845262054,0.15382040210179002,False
Myclobutanil,Specific_Conductance,non_nondetect_status_vs_env,12498,-0.01738665953297365,0.05193349607106096,0.06857170727881373,False
Myclobutanil,Specific_Conductance,log10_value_vs_env_among_non_nondetects,786,-0.1956771107424689,3.188386217793243e-08,6.133907079153017e-08,True
OIAT,Discharge_cfs,non_nondetect_status_vs_env,11187,0.1940650274834315,2.2408331341816265e-95,1.9193222931903496e-94,True
OIAT,Discharge_cfs,log10_value_vs_env_among_non_nondetects,5092,0.0569006298105688,4.8524133382226215e-05,8.341408618061576e-05,True
OIAT,Water_Temperature_C,non_nondetect_status_vs_env,11289,0.25836091245557213,1.3984113919031545e-171,2.811092287805321e-170,True
OIAT,Water_Temperature_C,log10_value_vs_env_among_non_nondetects,5097,0.3996745582283164,7.769509796554028e-195,2.4686990805179735e-193,True
OIAT,Dissolved_Oxygen_mg_L,non_nondetect_status_vs_env,11177,-0.18976266007914055,4.0193014015436975e-91,3.1672095044164337e-90,True
OIAT,Dissolved_Oxygen_mg_L,log10_value_vs_env_among_non_nondetects,5049,-0.31760036237788963,1.0442848388190427e-118,1.1180658328660403e-117,True
OIAT,pH,non_nondetect_status_vs_env,11144,0.08458229304967478,3.754318252406314e-19,9.630217392240154e-19,True
OIAT,pH,log10_value_vs_env_among_non_nondetects,5022,0.11698087043750731,9.061608102510124e-17,2.225856354357225e-16,True
OIAT,Turbidity_FNU,non_nondetect_status_vs_env,2885,0.505615323135053,4.337016127391068e-187,1.1545840231027574e-185,True
OIAT,Turbidity_FNU,log10_value_vs_env_among_non_nondetects,1467,0.2863160539285874,4.4578141692115017e-29,1.3427972344566755e-28,True
OIAT,Specific_Conductance,non_nondetect_status_vs_env,11206,0.1207873856843943,1.0861455070448044e-37,3.890375725233208e-37,True
OIAT,Specific_Conductance,log10_value_vs_env_among_non_nondetects,5047,0.08786460248426796,4.0355234451557617e-10,8.281230403080053e-10,True
OIET,Discharge_cfs,non_nondetect_status_vs_env,11193,0.1655090588059785,1.4466291028170339e-69,8.381939213381049e-69,True
OIET,Discharge_cfs,log10_value_vs_env_among_non_nondetects,7591,0.13282271690264705,3.1867416529067144e-31,9.964890565438457e-31,True
OIET,Water_Temperature_C,non_nondetect_status_vs_env,11306,0.17184591228049523,1.146199219812762e-75,7.056288946972317e-75,True
OIET,Water_Temperature_C,log10_value_vs_env_among_non_nondetects,7649,0.3281928094771764,1.5936899692077785e-191,4.756923089908066e-190,True
OIET,Dissolved_Oxygen_mg_L,non_nondetect_status_vs_env,11193,-0.13933556484978896,1.2265215753108006e-49,5.298788384566397e-49,True
OIET,Dissolved_Oxygen_mg_L,log10_value_vs_env_among_non_nondetects,7573,-0.2798608677291366,2.686512007574148e-136,3.624951133507583e-135,True
OIET,pH,non_nondetect_status_vs_env,11151,-0.06005492592390004,2.1996040491475167e-10,4.600021206815932e-10,True
OIET,pH,log10_value_vs_env_among_non_nondetects,7542,0.1759828637728099,1.6120126869618583e-53,7.385267426313631e-53,True
OIET,Turbidity_FNU,non_nondetect_status_vs_env,2908,0.36091787693443894,3.495213709962315e-90,2.7108547278054176e-89,True
OIET,Turbidity_FNU,log10_value_vs_env_among_non_nondetects,2012,0.4335361966636779,5.50891955208466e-93,4.484533684961479e-92,True
OIET,Specific_Conductance,non_nondetect_status_vs_env,11218,0.06397743672863716,1.182222102199557e-11,2.5706153877849086e-11,True
OIET,Specific_Conductance,log10_value_vs_env_among_non_nondetects,7582,0.09102889925388226,1.997556861322764e-15,4.752641324644741e-15,True
Oryzalin,Discharge_cfs,non_nondetect_status_vs_env,12424,-0.14046342780326987,8.991629703160871e-56,4.320368418348028e-55,True
Oryzalin,Discharge_cfs,log10_value_vs_env_among_non_nondetects,458,-0.11263500720017591,0.015883309261466683,0.022414125533731635,True
Oryzalin,Water_Temperature_C,non_nondetect_status_vs_env,12529,-0.025450318854401,0.004386954676810294,0.006507756561232138,True
Oryzalin,Water_Temperature_C,log10_value_vs_env_among_non_nondetects,459,-0.09526934252322963,0.04133493967091386,0.05523156314027265,False
Oryzalin,Dissolved_Oxygen_mg_L,non_nondetect_status_vs_env,12415,-0.018515686121839438,0.0391092700606272,0.05262654509524289,False
Oryzalin,Dissolved_Oxygen_mg_L,log10_value_vs_env_among_non_nondetects,457,-0.045367516983882465,0.33319973375351775,0.38794531648606967,False
Oryzalin,pH,non_nondetect_status_vs_env,12363,-0.06709052989740834,8.180068032647658e-14,1.8869711972266845e-13,True
Oryzalin,pH,log10_value_vs_env_among_non_nondetects,451,-0.0036603882582334282,0.9382104205701424,0.9478330915503489,False
Oryzalin,Turbidity_FNU,non_nondetect_status_vs_env,3272,0.014362911187067794,0.4114713949990333,0.4669347051544329,False
Oryzalin,Turbidity_FNU,log10_value_vs_env_among_non_nondetects,123,0.14701661563559798,0.10465888319118886,0.13199615869823436,False
Oryzalin,Specific_Conductance,non_nondetect_status_vs_env,12443,0.0031785088811281093,0.7229475646447586,0.7607941786058624,False
Oryzalin,Specific_Conductance,log10_value_vs_env_among_non_nondetects,457,0.07246702663095007,0.12187292510724686,0.1525347283743814,False
Piperonyl butoxide,Discharge_cfs,non_nondetect_status_vs_env,12264,-0.13731236575811442,1.0843974810952773e-52,4.899685866416735e-52,True
Piperonyl butoxide,Discharge_cfs,log10_value_vs_env_among_non_nondetects,1087,-0.11389727780465542,0.00016782791369120416,0.00028258204271083094,True
Piperonyl butoxide,Water_Temperature_C,non_nondetect_status_vs_env,12371,-0.004365290468954794,0.6273340017812052,0.673853862327685,False
Piperonyl butoxide,Water_Temperature_C,log10_value_vs_env_among_non_nondetects,1086,0.0742332549146438,0.014409871450210407,0.020364022063783717,True
Piperonyl butoxide,Dissolved_Oxygen_mg_L,non_nondetect_status_vs_env,12253,-0.015781699332393064,0.0806618932209205,0.10345307919610247,False
Piperonyl butoxide,Dissolved_Oxygen_mg_L,log10_value_vs_env_among_non_nondetects,1081,-0.1599478943700995,1.2444390397973433e-07,2.361796636224245e-07,True
Piperonyl butoxide,pH,non_nondetect_status_vs_env,12206,-0.003144491410585952,0.728312538803396,0.7656220391903362,False
Piperonyl butoxide,pH,log10_value_vs_env_among_non_nondetects,1070,0.01319482590117081,0.666375081266864,0.7073054472498502,False
Piperonyl butoxide,Turbidity_FNU,non_nondetect_status_vs_env,3194,0.047622892218371356,0.007104525446094161,0.010336717229546159,True
Piperonyl butoxide,Turbidity_FNU,log10_value_vs_env_among_non_nondetects,147,0.1192887364048463,0.1501233125067876,0.18483932852398222,False
Piperonyl butoxide,Specific_Conductance,non_nondetect_status_vs_env,12283,0.13133645755517295,2.165187723351859e-48,9.192715118541298e-48,True
Piperonyl butoxide,Specific_Conductance,log10_value_vs_env_among_non_nondetects,1083,0.06347573592166443,0.03674239715107207,0.04985022203003579,True
Prometon,Discharge_cfs,non_nondetect_status_vs_env,11579,-0.08512524779820285,4.4891654092367506e-20,1.1728986546679575e-19,True
Prometon,Discharge_cfs,log10_value_vs_env_among_non_nondetects,6528,-0.257831747985417,1.2588194792487177e-99,1.1588198009906422e-98,True
Prometon,Water_Temperature_C,non_nondetect_status_vs_env,11688,0.19936190314544763,4.486296501921897e-105,4.290293256692299e-104,True
Prometon,Water_Temperature_C,log10_value_vs_env_among_non_nondetects,6541,0.22757361653650723,1.335291901888283e-77,8.324446350379486e-77,True
Prometon,Dissolved_Oxygen_mg_L,non_nondetect_status_vs_env,11577,-0.154846833187843,4.757836755972562e-63,2.479613335784642e-62,True
Prometon,Dissolved_Oxygen_mg_L,log10_value_vs_env_among_non_nondetects,6480,-0.25330402286356035,2.0379003271902105e-95,1.76081738796698e-94,True
Prometon,pH,non_nondetect_status_vs_env,11533,0.06500090898521384,2.8043037508955593e-12,6.221259447369653e-12,True
Prometon,pH,log10_value_vs_env_among_non_nondetects,6485,0.12603974662342454,2.2291811790086073e-24,6.167818711582804e-24,True
Prometon,Turbidity_FNU,non_nondetect_status_vs_env,2979,0.3217772132944688,9.955423359319809e-73,5.943086066018189e-72,True
Prometon,Turbidity_FNU,log10_value_vs_env_among_non_nondetects,1654,0.28180413338262184,1.4363612117594745e-31,4.534666005073981e-31,True
Prometon,Specific_Conductance,non_nondetect_status_vs_env,11603,0.21504518753548602,1.8247458929902342e-121,2.0659479363165295e-120,True
Prometon,Specific_Conductance,log10_value_vs_env_among_non_nondetects,6501,0.2988296607485319,3.242247093861406e-134,4.258151183271313e-133,True
Propazine,Discharge_cfs,non_nondetect_status_vs_env,10464,0.24394733256508425,1.3157472050922763e-141,2.0250171828373314e-140,True
Propazine,Discharge_cfs,log10_value_vs_env_among_non_nondetects,2752,0.027734644155539414,0.14578984174915288,0.1799536267204456,False
Propazine,Water_Temperature_C,non_nondetect_status_vs_env,10539,0.31939614553235923,1.5376159909565917e-248,1.6828352789913809e-246,True
Propazine,Water_Temperature_C,log10_value_vs_env_among_non_nondetects,2742,0.19082930277418997,6.716139919153061e-24,1.837610505657157e-23,True
Propazine,Dissolved_Oxygen_mg_L,non_nondetect_status_vs_env,10442,-0.23632382400882918,1.7175132310972754e-132,2.168910939270277e-131,True
Propazine,Dissolved_Oxygen_mg_L,log10_value_vs_env_among_non_nondetects,2722,-0.3160321565648165,3.423181869715723e-64,1.8226130495513444e-63,True
Propazine,pH,non_nondetect_status_vs_env,10419,0.07765976390390117,2.0539624176179752e-15,4.875067424948688e-15,True
Propazine,pH,log10_value_vs_env_among_non_nondetects,2701,-0.009076815596735446,0.6372666854250746,0.6830333897102268,False
Propazine,Turbidity_FNU,non_nondetect_status_vs_env,2570,0.4262473909682109,5.693318277668182e-114,5.903072108950694e-113,True
Propazine,Turbidity_FNU,log10_value_vs_env_among_non_nondetects,937,0.3849733489500416,1.8202881441452292e-34,6.119398709839764e-34,True
Propazine,Specific_Conductance,non_nondetect_status_vs_env,10481,0.06656467521139665,9.01394975472862e-12,1.9730534463128202e-11,True
Propazine,Specific_Conductance,log10_value_vs_env_among_non_nondetects,2727,-0.0031658263453072035,0.8687501710939616,0.8895207053300959,False
Propiconazole,Discharge_cfs,non_nondetect_status_vs_env,9898,-0.20174275092036476,2.0354307619164781e-91,1.6168542745868799e-90,True
Propiconazole,Discharge_cfs,log10_value_vs_env_among_non_nondetects,3761,-0.2509480874536922,4.163694577814503e-55,1.943715241302031e-54,True
Propiconazole,Water_Temperature_C,non_nondetect_status_vs_env,9987,0.23467637329111263,5.091528548644008e-125,5.970423357636127e-124,True
Propiconazole,Water_Temperature_C,log10_value_vs_env_among_non_nondetects,3752,0.20071320598508263,2.1169636058573396e-35,7.290941090103076e-35,True
Propiconazole,Dissolved_Oxygen_mg_L,non_nondetect_status_vs_env,9890,-0.2713602534019565,1.7296323183490078e-166,3.340564379556417e-165,True
Propiconazole,Dissolved_Oxygen_mg_L,log10_value_vs_env_among_non_nondetects,3725,-0.2725220091646562,1.957713126485478e-64,1.048014907384889e-63,True
Propiconazole,pH,non_nondetect_status_vs_env,9843,-0.2041624521215179,4.09215050916544e-93,3.3589735429399656e-92,True
Propiconazole,pH,log10_value_vs_env_among_non_nondetects,3685,-0.22180874766372294,2.6456626838402305e-42,1.0179600560869636e-41,True
Propiconazole,Turbidity_FNU,non_nondetect_status_vs_env,2418,0.029530942396444458,0.14658626913622352,0.18071023166355465,False
Propiconazole,Turbidity_FNU,log10_value_vs_env_among_non_nondetects,1242,-0.0403234760729848,0.15554146079003714,0.19103284149399824,False
Propiconazole,Specific_Conductance,non_nondetect_status_vs_env,9901,-0.06469572856070052,1.1682115443311637e-10,2.453493328712572e-10,True
Propiconazole,Specific_Conductance,log10_value_vs_env_among_non_nondetects,3712,-0.19489730278455342,4.2350501573073356e-33,1.37674072770552e-32,True
Propoxur,Discharge_cfs,non_nondetect_status_vs_env,12453,-0.07270368509610797,4.542008660145888e-16,1.1019405246905664e-15,True
Propoxur,Discharge_cfs,log10_value_vs_env_among_non_nondetects,934,-0.06615442025219373,0.043250825071322864,0.05764825804499732,False
Propoxur,Water_Temperature_C,non_nondetect_status_vs_env,12560,0.055904247268372384,3.6209986027630187e-10,7.493032822944482e-10,True
Propoxur,Water_Temperature_C,log10_value_vs_env_among_non_nondetects,935,0.3435078545945388,2.749011567972404e-27,7.987540986586484e-27,True
Propoxur,Dissolved_Oxygen_mg_L,non_nondetect_status_vs_env,12443,0.007305168918370194,0.41518255340668136,0.47060392992587013,False
Propoxur,Dissolved_Oxygen_mg_L,log10_value_vs_env_among_non_nondetects,932,-0.15836610777901108,1.1803202076465562e-06,2.149011838321364e-06,True
Propoxur,pH,non_nondetect_status_vs_env,12394,-0.001272077967807971,0.8873927233024318,0.9057842823346066,False
Propoxur,pH,log10_value_vs_env_among_non_nondetects,936,-0.006540566259496728,0.8416076003912162,0.8680455354820398,False
Propoxur,Turbidity_FNU,non_nondetect_status_vs_env,3276,0.04209367040559761,0.01597717311515458,0.02251432835254258,True
Propoxur,Turbidity_FNU,log10_value_vs_env_among_non_nondetects,243,-0.01753409467367598,0.7856673550909739,0.8146129944890623,False
Propoxur,Specific_Conductance,non_nondetect_status_vs_env,12472,0.11388887505397026,2.7720590692972652e-37,9.857321961219518e-37,True
Propoxur,Specific_Conductance,log10_value_vs_env_among_non_nondetects,935,0.20296640005380848,3.770103737681071e-10,7.752718541995522e-10,True
Pyraclostrobin,Discharge_cfs,non_nondetect_status_vs_env,12482,-0.05471765556762115,9.524328506979999e-10,1.9224310613473975e-09,True
Pyraclostrobin,Discharge_cfs,log10_value_vs_env_among_non_nondetects,747,-0.0045152549137146255,0.9019473373558565,0.9177873215862796,False
Pyraclostrobin,Water_Temperature_C,non_nondetect_status_vs_env,12590,0.1357452784108351,7.566397138062593e-53,3.434516673268043e-52,True
Pyraclostrobin,Water_Temperature_C,log10_value_vs_env_among_non_nondetects,740,0.19985367410429442,4.185913162599043e-08,8.021642928326959e-08,True
Pyraclostrobin,Dissolved_Oxygen_mg_L,non_nondetect_status_vs_env,12473,-0.12025294063284235,2.1147037986510434e-41,8.073578456090224e-41,True
Pyraclostrobin,Dissolved_Oxygen_mg_L,log10_value_vs_env_among_non_nondetects,735,-0.15168714149742402,3.638853298450114e-05,6.277181259147745e-05,True
Pyraclostrobin,pH,non_nondetect_status_vs_env,12423,0.021597728002495358,0.016071438522688823,0.02261480992121213,True
Pyraclostrobin,pH,log10_value_vs_env_among_non_nondetects,731,0.028950385884556173,0.43447542157476005,0.48853686101728155,False
Pyraclostrobin,Turbidity_FNU,non_nondetect_status_vs_env,3304,0.1822454935307504,4.5599399941942975e-26,1.3056804925236577e-25,True
Pyraclostrobin,Turbidity_FNU,log10_value_vs_env_among_non_nondetects,286,0.1454649383372989,0.013802109111090286,0.01953315729083898,True
Pyraclostrobin,Specific_Conductance,non_nondetect_status_vs_env,12502,0.02982290960561264,0.0008530623767144214,0.0013530860564632931,True
Pyraclostrobin,Specific_Conductance,log10_value_vs_env_among_non_nondetects,733,-0.001464648487150255,0.9684230305808266,0.9753544837649429,False
Simazine,Discharge_cfs,non_nondetect_status_vs_env,12109,0.18924051735185646,5.0756947106028635e-98,4.504107468417856e-97,True
Simazine,Discharge_cfs,log10_value_vs_env_among_non_nondetects,5452,-0.043670880771274755,0.0012581657817889269,0.0019516429843497527,True
Simazine,Water_Temperature_C,non_nondetect_status_vs_env,12214,0.12139476951470658,2.525805578483091e-41,9.605862914308281e-41,True
Simazine,Water_Temperature_C,log10_value_vs_env_among_non_nondetects,5456,-0.21467144701477028,6.67575222471432e-58,3.32101815219374e-57,True
Simazine,Dissolved_Oxygen_mg_L,non_nondetect_status_vs_env,12100,-0.09873794926225632,1.3344141079204956e-27,3.9353230428194255e-27,True
Simazine,Dissolved_Oxygen_mg_L,log10_value_vs_env_among_non_nondetects,5401,0.11586167438071758,1.3231175798397311e-17,3.3246704493421814e-17,True
Simazine,pH,non_nondetect_status_vs_env,12060,-0.35418970682086104,0.0,0.0,True
Simazine,pH,log10_value_vs_env_among_non_nondetects,5361,-0.07908111648579437,6.71265501763306e-09,1.3223930384737127e-08,True
Simazine,Turbidity_FNU,non_nondetect_status_vs_env,3163,0.1596638988514922,1.654365043936442e-19,4.2882883375720936e-19,True
Simazine,Turbidity_FNU,log10_value_vs_env_among_non_nondetects,1373,0.250176970042271,4.882919821786026e-21,1.2825802731891294e-20,True
Simazine,Specific_Conductance,non_nondetect_status_vs_env,12133,-0.30541560502696763,2.7052725565814485e-260,4.441155780387878e-258,True
Simazine,Specific_Conductance,log10_value_vs_env_among_non_nondetects,5403,0.03242026006795572,0.017166152263633584,0.024086410227463075,True
Sulfentrazone,Discharge_cfs,non_nondetect_status_vs_env,8673,0.12041182674149715,2.234051039530642e-29,6.791790968943464e-29,True
Sulfentrazone,Discharge_cfs,log10_value_vs_env_among_non_nondetects,3909,0.26812453764911737,2.404690262446855e-65,1.3232513455363978e-64,True
Sulfentrazone,Water_Temperature_C,non_nondetect_status_vs_env,8696,0.15507150342239998,6.122008295946057e-48,2.566033264471007e-47,True
Sulfentrazone,Water_Temperature_C,log10_value_vs_env_among_non_nondetects,3874,0.30141488380611187,3.50924949320861e-82,2.367541610144165e-81,True
Sulfentrazone,Dissolved_Oxygen_mg_L,non_nondetect_status_vs_env,8620,-0.18415809289472684,1.259648438916622e-66,7.009907979281766e-66,True
Sulfentrazone,Dissolved_Oxygen_mg_L,log10_value_vs_env_among_non_nondetects,3852,-0.2876525862139011,2.775832391568939e-74,1.6671920156679296e-73,True
Sulfentrazone,pH,non_nondetect_status_vs_env,8589,-0.06497088490984883,1.6724900561776405e-09,3.368921687801587e-09,True
Sulfentrazone,pH,log10_value_vs_env_among_non_nondetects,3811,0.1253664194480111,8.011042519174418e-15,1.887769588848517e-14,True
Sulfentrazone,Turbidity_FNU,non_nondetect_status_vs_env,2244,0.3883133060008385,1.1583150235503908e-81,7.6573174375646635e-81,True
Sulfentrazone,Turbidity_FNU,log10_value_vs_env_among_non_nondetects,1318,0.4971572359444361,3.2590196755673404e-83,2.2138857796095382e-82,True
Sulfentrazone,Specific_Conductance,non_nondetect_status_vs_env,8641,-0.04016821304091151,0.0001878026005195265,0.00031460129508798233,True
Sulfentrazone,Specific_Conductance,log10_value_vs_env_among_non_nondetects,3844,0.052880624742655605,0.0010387066704660875,0.001626591526882506,True
Sulfometuron-methyl,Discharge_cfs,non_nondetect_status_vs_env,9841,-0.02222554184222516,0.027467687731680436,0.03773455009163909,True
Sulfometuron-methyl,Discharge_cfs,log10_value_vs_env_among_non_nondetects,2129,-0.29314892396188813,1.850314213823547e-43,7.232378970699182e-43,True
Sulfometuron-methyl,Water_Temperature_C,non_nondetect_status_vs_env,9934,0.20936563503202663,8.127892204334248e-99,7.344930111256178e-98,True
Sulfometuron-methyl,Water_Temperature_C,log10_value_vs_env_among_non_nondetects,2143,0.022652713016637533,0.2945582355526239,0.3483071572861159,False
Sulfometuron-methyl,Dissolved_Oxygen_mg_L,non_nondetect_status_vs_env,9834,-0.1704176322640706,5.6187727134268295e-65,3.040929188310674e-64,True
Sulfometuron-methyl,Dissolved_Oxygen_mg_L,log10_value_vs_env_among_non_nondetects,2127,-0.05173465412186359,0.017025013185713637,0.02392245076737223,True
Sulfometuron-methyl,pH,non_nondetect_status_vs_env,9815,-0.16772839196724176,7.468870716344331e-63,3.872019818736403e-62,True
Sulfometuron-methyl,pH,log10_value_vs_env_among_non_nondetects,2109,-0.0810110588001549,0.0001958917329225487,0.0003275948334952639,True
Sulfometuron-methyl,Turbidity_FNU,non_nondetect_status_vs_env,2302,0.058766671700789544,0.0047951573241630276,0.00707070353937213,True
Sulfometuron-methyl,Turbidity_FNU,log10_value_vs_env_among_non_nondetects,531,-0.022865890593584057,0.5990718267844195,0.6463256610987762,False
Sulfometuron-methyl,Specific_Conductance,non_nondetect_status_vs_env,9866,-0.06581252289774055,6.018594977165e-11,1.2776543216611044e-10,True
Sulfometuron-methyl,Specific_Conductance,log10_value_vs_env_among_non_nondetects,2126,0.054284278841062385,0.012302584732496524,0.017461161327822876,True
Tebuconazole,Discharge_cfs,non_nondetect_status_vs_env,9624,-0.15195099272675397,8.296308301127156e-51,3.664512859466479e-50,True
Tebuconazole,Discharge_cfs,log10_value_vs_env_among_non_nondetects,2227,-0.07947745335273158,0.00017371358864035283,0.00029199297749274325,True
Tebuconazole,Water_Temperature_C,non_nondetect_status_vs_env,9710,0.16011181637616304,9.027174341441766e-57,4.44588336316007e-56,True
Tebuconazole,Water_Temperature_C,log10_value_vs_env_among_non_nondetects,2228,0.12074155612362682,1.0846323935497e-08,2.1197676739016955e-08,True
Tebuconazole,Dissolved_Oxygen_mg_L,non_nondetect_status_vs_env,9619,-0.18548065303418335,3.402653397549111e-75,2.0688972818431324e-74,True
Tebuconazole,Dissolved_Oxygen_mg_L,log10_value_vs_env_among_non_nondetects,2214,-0.1711646859036822,5.095254305894464e-16,1.2301042870848156e-15,True
Tebuconazole,pH,non_nondetect_status_vs_env,9597,-0.1728329828226151,3.0603511887259904e-65,1.6746921782750558e-64,True
Tebuconazole,pH,log10_value_vs_env_among_non_nondetects,2219,-0.077963191626706,0.00023684394208183958,0.00039312562525061764,True
Tebuconazole,Turbidity_FNU,non_nondetect_status_vs_env,2387,0.16403575053058617,7.337322554535859e-16,1.7627470039555662e-15,True
Tebuconazole,Turbidity_FNU,log10_value_vs_env_among_non_nondetects,663,0.14175493850389576,0.0002506097743636931,0.0004141789056178485,True
Tebuconazole,Specific_Conductance,non_nondetect_status_vs_env,9647,-0.008800940341990327,0.38740908384847145,0.4421760690506887,False
Tebuconazole,Specific_Conductance,log10_value_vs_env_among_non_nondetects,2224,-0.017090982494089295,0.42047089826233747,0.4755038286893254,False
Tebupirimfos,Discharge_cfs,non_nondetect_status_vs_env,12484,0.048889881269831605,4.62185469795068e-08,8.83985801452703e-08,True
Tebupirimfos,Discharge_cfs,log10_value_vs_env_among_non_nondetects,86,-0.07266354375183622,0.5061316144647605,0.5607869969041498,False
Tebupirimfos,Water_Temperature_C,non_nondetect_status_vs_env,12591,0.03563176247262565,6.358392537262007e-05,0.00010873292793755343,True
Tebupirimfos,Water_Temperature_C,log10_value_vs_env_among_non_nondetects,85,-0.12365184268393092,0.25954492577833854,0.3098809113838345,False
Tebupirimfos,Dissolved_Oxygen_mg_L,non_nondetect_status_vs_env,12474,-0.06136393057688199,6.9181947452717875e-12,1.5244791552780114e-11,True
Tebupirimfos,Dissolved_Oxygen_mg_L,log10_value_vs_env_among_non_nondetects,86,-0.000981613678443704,0.9928431473730492,0.9935716220722747,False
Tebupirimfos,pH,non_nondetect_status_vs_env,12424,0.012700643148977148,0.15690248982786906,0.19246444891712455,False
Tebupirimfos,pH,log10_value_vs_env_among_non_nondetects,86,-0.17182195420109642,0.11367610675131597,0.14282360969957628,False
Tebupirimfos,Turbidity_FNU,non_nondetect_status_vs_env,3303,0.14636622818880227,2.8075858828411164e-17,7.018964707102791e-17,True
Tebupirimfos,Turbidity_FNU,log10_value_vs_env_among_non_nondetects,43,0.28849276970535864,0.060636352458491645,0.07910835386968777,False
Tebupirimfos,Specific_Conductance,non_nondetect_status_vs_env,12503,0.024366321467539653,0.0064360611265744765,0.00941979228777988,True
Tebupirimfos,Specific_Conductance,log10_value_vs_env_among_non_nondetects,86,-0.22417477703867725,0.037988537140759435,0.0513288190447847,False
Tebuthiuron,Discharge_cfs,non_nondetect_status_vs_env,10838,-0.08039286682067891,5.205330774392256e-17,1.2850252663599929e-16,True
Tebuthiuron,Discharge_cfs,log10_value_vs_env_among_non_nondetects,4358,-0.29428033852058194,8.536674232057001e-88,6.322273773365524e-87,True
Tebuthiuron,Water_Temperature_C,non_nondetect_status_vs_env,10945,0.13597812310225277,2.5043713892882452e-46,1.0109859911675908e-45,True
Tebuthiuron,Water_Temperature_C,log10_value_vs_env_among_non_nondetects,4369,0.17013623511813356,9.847973407945556e-30,3.0125011822442154e-29,True
Tebuthiuron,Dissolved_Oxygen_mg_L,non_nondetect_status_vs_env,10841,-0.15632590808758498,2.858410249932361e-60,1.443863639068398e-59,True
Tebuthiuron,Dissolved_Oxygen_mg_L,log10_value_vs_env_among_non_nondetects,4336,-0.16896017119167636,3.934112260320294e-29,1.1886811584096594e-28,True
Tebuthiuron,pH,non_nondetect_status_vs_env,10805,-0.10991645707916987,2.121707837794977e-30,6.592688391886601e-30,True
Tebuthiuron,pH,log10_value_vs_env_among_non_nondetects,4310,-0.012301842531394588,0.41942482896154654,0.4748660419851992,False
Tebuthiuron,Turbidity_FNU,non_nondetect_status_vs_env,2681,0.11369577750937024,3.561113733675439e-09,7.115004112921516e-09,True
Tebuthiuron,Turbidity_FNU,log10_value_vs_env_among_non_nondetects,1053,0.10184816998637432,0.0009341157564189032,0.0014721664321161916,True
Tebuthiuron,Specific_Conductance,non_nondetect_status_vs_env,10882,0.12068336719327273,1.3702366702408306e-36,4.820296857811493e-36,True
Tebuthiuron,Specific_Conductance,log10_value_vs_env_among_non_nondetects,4350,0.21863734412156607,3.117939609409603e-48,1.312466032166008e-47,True
Terbufos,Discharge_cfs,non_nondetect_status_vs_env,12479,-0.006667625794221998,0.4564105081574096,0.5097101479989211,False
Terbufos,Discharge_cfs,log10_value_vs_env_among_non_nondetects,4,,,,False
Terbufos,Water_Temperature_C,non_nondetect_status_vs_env,12587,0.0017094504172062033,0.8479243981693492,0.8718220586605521,False
Terbufos,Water_Temperature_C,log10_value_vs_env_among_non_nondetects,4,,,,False
Terbufos,Dissolved_Oxygen_mg_L,non_nondetect_status_vs_env,12470,-0.014555030459897889,0.10410480834171938,0.13163444957200718,False
Terbufos,Dissolved_Oxygen_mg_L,log10_value_vs_env_among_non_nondetects,4,,,,False
Terbufos,pH,non_nondetect_status_vs_env,12420,0.004717766487647422,0.5990815518610991,0.6463256610987762,False
Terbufos,pH,log10_value_vs_env_among_non_nondetects,4,,,,False
Terbufos,Turbidity_FNU,non_nondetect_status_vs_env,3300,,,,False
Terbufos,Turbidity_FNU,log10_value_vs_env_among_non_nondetects,0,,,,False
Terbufos,Specific_Conductance,non_nondetect_status_vs_env,12499,-0.002400065079477995,0.788469752927476,0.816658997511634,False
Terbufos,Specific_Conductance,log10_value_vs_env_among_non_nondetects,4,,,,False
Terbufos sulfone,Discharge_cfs,non_nondetect_status_vs_env,12411,0.003482735778823233,0.6980492468905392,0.7393317292335281,False
Terbufos sulfone,Discharge_cfs,log10_value_vs_env_among_non_nondetects,15,,,,False
Terbufos sulfone,Water_Temperature_C,non_nondetect_status_vs_env,12516,0.007050265985653937,0.4302996225672882,0.4843944322614616,False
Terbufos sulfone,Water_Temperature_C,log10_value_vs_env_among_non_nondetects,15,,,,False
Terbufos sulfone,Dissolved_Oxygen_mg_L,non_nondetect_status_vs_env,12399,-0.017269823303074645,0.05448531146688906,0.07164255324380848,False
Terbufos sulfone,Dissolved_Oxygen_mg_L,log10_value_vs_env_among_non_nondetects,15,,,,False
Terbufos sulfone,pH,non_nondetect_status_vs_env,12350,0.004120410878906306,0.6470536455498277,0.6912666386839266,False
Terbufos sulfone,pH,log10_value_vs_env_among_non_nondetects,15,,,,False
Terbufos sulfone,Turbidity_FNU,non_nondetect_status_vs_env,3264,0.05636857210016517,0.0012741242975674541,0.001973289989157142,True
Terbufos sulfone,Turbidity_FNU,log10_value_vs_env_among_non_nondetects,7,,,,False
Terbufos sulfone,Specific_Conductance,non_nondetect_status_vs_env,12428,0.0060448962022793635,0.5004199818037695,0.5550829753116137,False
Terbufos sulfone,Specific_Conductance,log10_value_vs_env_among_non_nondetects,15,,,,False
Terbufos sulfoxide,Discharge_cfs,non_nondetect_status_vs_env,12482,0.03904993223336044,1.2770671809711454e-05,2.254321099026126e-05,True
Terbufos sulfoxide,Discharge_cfs,log10_value_vs_env_among_non_nondetects,183,-0.06820414787078012,0.35893554411982764,0.4135105391321991,False
Terbufos sulfoxide,Water_Temperature_C,non_nondetect_status_vs_env,12590,0.03934275459484489,1.0066891486263408e-05,1.780231259240477e-05,True
Terbufos sulfoxide,Water_Temperature_C,log10_value_vs_env_among_non_nondetects,183,-0.06932067257985354,0.35110437594899074,0.4059129228987745,False
Terbufos sulfoxide,Dissolved_Oxygen_mg_L,non_nondetect_status_vs_env,12473,-0.0642705394053836,6.739977203212665e-13,1.5367772095288135e-12,True
Terbufos sulfoxide,Dissolved_Oxygen_mg_L,log10_value_vs_env_among_non_nondetects,182,0.007211583189012269,0.9230277662487686,0.934411459152145,False
Terbufos sulfoxide,pH,non_nondetect_status_vs_env,12423,0.022848901228234388,0.010872172218039619,0.015532002590802944,True
Terbufos sulfoxide,pH,log10_value_vs_env_among_non_nondetects,182,0.16437327680066294,0.02659971112630152,0.03667066846056122,True
Terbufos sulfoxide,Turbidity_FNU,non_nondetect_status_vs_env,3303,0.14875761011543437,8.400990176026683e-18,2.12724301372398e-17,True
Terbufos sulfoxide,Turbidity_FNU,log10_value_vs_env_among_non_nondetects,63,0.32125925717059944,0.010249376382102863,0.014673889151702499,True
Terbufos sulfoxide,Specific_Conductance,non_nondetect_status_vs_env,12502,0.016661215403897,0.06248019978317007,0.0814060804053208,False
Terbufos sulfoxide,Specific_Conductance,log10_value_vs_env_among_non_nondetects,183,0.21650390950461595,0.0032427443664459796,0.004861648707685373,True
Tetraconazole,Discharge_cfs,non_nondetect_status_vs_env,12477,0.009182860435274649,0.3050571146756939,0.3589979187043709,False
Tetraconazole,Discharge_cfs,log10_value_vs_env_among_non_nondetects,580,-0.2886199516754693,1.3678763436117953e-12,3.0621777237673144e-12,True
Tetraconazole,Water_Temperature_C,non_nondetect_status_vs_env,12585,0.11146981408638339,4.3495991099230404e-36,1.5139064039838143e-35,True
Tetraconazole,Water_Temperature_C,log10_value_vs_env_among_non_nondetects,577,0.425318665781562,9.437126770797496e-27,2.7259735686907724e-26,True
Tetraconazole,Dissolved_Oxygen_mg_L,non_nondetect_status_vs_env,12468,-0.14449538779502016,3.766081572322339e-59,1.8830407861611696e-58,True
Tetraconazole,Dissolved_Oxygen_mg_L,log10_value_vs_env_among_non_nondetects,569,-0.3715297308024237,4.5890807295683736e-20,1.1958318832340867e-19,True
Tetraconazole,pH,non_nondetect_status_vs_env,12419,-0.03710600494339262,3.5322398671537086e-05,6.103958366923515e-05,True
Tetraconazole,pH,log10_value_vs_env_among_non_nondetects,535,-0.08218948872018869,0.05745712429352913,0.07525966413447632,False
Tetraconazole,Turbidity_FNU,non_nondetect_status_vs_env,3301,0.111924396997975,1.1305551350241853e-10,2.379480358971843e-10,True
Tetraconazole,Turbidity_FNU,log10_value_vs_env_among_non_nondetects,135,0.2551733813255699,0.0028183440990301096,0.004231812404793686,True
Tetraconazole,Specific_Conductance,non_nondetect_status_vs_env,12497,-0.04867369509693837,5.212245358739262e-08,9.930486805334958e-08,True
Tetraconazole,Specific_Conductance,log10_value_vs_env_among_non_nondetects,546,-0.013069574687271138,0.76059068601726,0.7927850007693134,False
Thiobencarb,Discharge_cfs,non_nondetect_status_vs_env,12374,0.013606024404370516,0.13017030293484808,0.16209576282025961,False
Thiobencarb,Discharge_cfs,log10_value_vs_env_among_non_nondetects,230,-0.04283753648103901,0.5180070142279111,0.5707347975553606,False
Thiobencarb,Water_Temperature_C,non_nondetect_status_vs_env,12498,0.12082881571343637,7.268031812301743e-42,2.785607523391913e-41,True
Thiobencarb,Water_Temperature_C,log10_value_vs_env_among_non_nondetects,230,0.41521999725791625,5.3291549824302095e-11,1.1361942982021117e-10,True
Thiobencarb,Dissolved_Oxygen_mg_L,non_nondetect_status_vs_env,12366,-0.11077449081799196,4.566390883343742e-35,1.556365058855912e-34,True
Thiobencarb,Dissolved_Oxygen_mg_L,log10_value_vs_env_among_non_nondetects,227,-0.272728465080695,3.105009113645999e-05,5.3751036501604725e-05,True
Thiobencarb,pH,non_nondetect_status_vs_env,12324,-0.06403430842194555,1.1170604298983414e-12,2.517859321395575e-12,True
Thiobencarb,pH,log10_value_vs_env_among_non_nondetects,212,-0.06023758663553686,0.38283763845087393,0.43746528291660186,False
Thiobencarb,Turbidity_FNU,non_nondetect_status_vs_env,3260,-0.11263379819752634,1.1255367290965255e-10,2.3739907455247915e-10,True
Thiobencarb,Turbidity_FNU,log10_value_vs_env_among_non_nondetects,72,-0.10808768266119795,0.3661256349815861,0.4208095104514146,False
Thiobencarb,Specific_Conductance,non_nondetect_status_vs_env,12397,-0.09713794361241657,2.2230943443513593e-27,6.497768335863765e-27,True
Thiobencarb,Specific_Conductance,log10_value_vs_env_among_non_nondetects,217,-0.09279954151887322,0.17317640070816506,0.21216263022082413,False
Triclopyr,Discharge_cfs,non_nondetect_status_vs_env,8600,-0.16757959170310982,3.3633349192465946e-55,1.592733122816296e-54,True
Triclopyr,Discharge_cfs,log10_value_vs_env_among_non_nondetects,1790,-0.2025796419136013,4.941366826228267e-18,1.2576863885878148e-17,True
Triclopyr,Water_Temperature_C,non_nondetect_status_vs_env,8672,0.1136232710942443,2.568921460328644e-26,7.398794264396826e-26,True
Triclopyr,Water_Temperature_C,log10_value_vs_env_among_non_nondetects,1778,0.015033278593606106,0.5264148231458688,0.578058640801205,False
Triclopyr,Dissolved_Oxygen_mg_L,non_nondetect_status_vs_env,8558,-0.14206952837843478,7.899880334137647e-40,2.9253316274908203e-39,True
Triclopyr,Dissolved_Oxygen_mg_L,log10_value_vs_env_among_non_nondetects,1763,-0.08672628582046323,0.00026660326634744325,0.00043767369558705266,True
Triclopyr,pH,non_nondetect_status_vs_env,8554,-0.19779000749369896,3.388745316930757e-76,2.09931706740679e-75,True
Triclopyr,pH,log10_value_vs_env_among_non_nondetects,1758,-0.1390412469512443,4.795943149997953e-09,9.543442429793908e-09,True
Triclopyr,Turbidity_FNU,non_nondetect_status_vs_env,2046,-0.007549668032366649,0.732886571643139,0.7679715670941403,False
Triclopyr,Turbidity_FNU,log10_value_vs_env_among_non_nondetects,630,-0.1191844506112694,0.0027332113809567697,0.004110249175942623,True
Triclopyr,Specific_Conductance,non_nondetect_status_vs_env,8601,-0.09627344959956365,3.618360445448798e-19,9.305705062055002e-19,True
Triclopyr,Specific_Conductance,log10_value_vs_env_among_non_nondetects,1772,-0.11757514641835135,6.938706514743885e-07,1.2798924938244807e-06,True
Trifloxystrobin,Discharge_cfs,non_nondetect_status_vs_env,12371,-0.04955184544812176,3.503016751879043e-08,6.72606530331551e-08,True
Trifloxystrobin,Discharge_cfs,log10_value_vs_env_among_non_nondetects,235,-0.04991239647491579,0.44633611946042356,0.49959860942288953,False
Trifloxystrobin,Water_Temperature_C,non_nondetect_status_vs_env,12496,0.097078168366705,1.4911052620531231e-27,4.384294576484556e-27,True
Trifloxystrobin,Water_Temperature_C,log10_value_vs_env_among_non_nondetects,235,0.2110853754387726,0.0011324008179069175,0.0017676938282699109,True
Trifloxystrobin,Dissolved_Oxygen_mg_L,non_nondetect_status_vs_env,12364,-0.10743048172863603,4.575532609977003e-33,1.4825327700089962e-32,True
Trifloxystrobin,Dissolved_Oxygen_mg_L,log10_value_vs_env_among_non_nondetects,232,-0.21861455757536585,0.0008008643720510032,0.001276458586521421,True
Trifloxystrobin,pH,non_nondetect_status_vs_env,12322,-0.029962981698048577,0.0008796443410344593,0.001393005909837528,True
Trifloxystrobin,pH,log10_value_vs_env_among_non_nondetects,232,-0.03169367028391089,0.6310447875992852,0.6771014333173159,False
Trifloxystrobin,Turbidity_FNU,non_nondetect_status_vs_env,3259,0.11772341416376271,1.568375674913052e-11,3.39527481272386e-11,True
Trifloxystrobin,Turbidity_FNU,log10_value_vs_env_among_non_nondetects,70,0.17894082853332816,0.13829739902666408,0.17134960759907436,False
Trifloxystrobin,Specific_Conductance,non_nondetect_status_vs_env,12395,-0.011836427007670704,0.18760536005924416,0.22841938153072375,False
Trifloxystrobin,Specific_Conductance,log10_value_vs_env_among_non_nondetects,227,-0.013096297026940209,0.8444264509822148,0.8697273310351559,False
cis-Cyhalothric acid,Discharge_cfs,non_nondetect_status_vs_env,11957,-0.046234839339590654,4.239730316346591e-07,7.894393878263502e-07,True
cis-Cyhalothric acid,Discharge_cfs,log10_value_vs_env_among_non_nondetects,49,-0.09592081433770021,0.5120644729460907,0.565452360820515,False
cis-Cyhalothric acid,Water_Temperature_C,non_nondetect_status_vs_env,12063,0.07792011610012162,1.0326690836432359e-17,2.6081514035604806e-17,True
cis-Cyhalothric acid,Water_Temperature_C,log10_value_vs_env_among_non_nondetects,50,-0.07843231541381399,0.5882263968340733,0.6360703044112721,False
cis-Cyhalothric acid,Dissolved_Oxygen_mg_L,non_nondetect_status_vs_env,11947,-0.0658596226818847,5.775455568042559e-13,1.3199126994250397e-12,True
cis-Cyhalothric acid,Dissolved_Oxygen_mg_L,log10_value_vs_env_among_non_nondetects,48,-0.08011952024662548,0.5882843119986486,0.6360703044112721,False
cis-Cyhalothric acid,pH,non_nondetect_status_vs_env,11906,-0.008165580281353165,0.37297987948459266,0.4271920712701439,False
cis-Cyhalothric acid,pH,log10_value_vs_env_among_non_nondetects,48,-0.050910728584826224,0.7311130872502112,0.7669290638354185,False
cis-Cyhalothric acid,Turbidity_FNU,non_nondetect_status_vs_env,3144,0.023807008254058258,0.18202361100818254,0.22217256114381634,False
cis-Cyhalothric acid,Turbidity_FNU,log10_value_vs_env_among_non_nondetects,4,,,,False
cis-Cyhalothric acid,Specific_Conductance,non_nondetect_status_vs_env,11984,0.01167375841940741,0.20130105727179934,0.24418909040975662,False
cis-Cyhalothric acid,Specific_Conductance,log10_value_vs_env_among_non_nondetects,43,-0.05663155514286422,0.718320127710944,0.7575431753696786,False
cis-Permethrin,Discharge_cfs,non_nondetect_status_vs_env,12476,-0.009206410681804085,0.30383781728155806,0.3579907296917879,False
cis-Permethrin,Discharge_cfs,log10_value_vs_env_among_non_nondetects,30,0.29408519195822097,0.11469479464601029,0.14391639837747788,False
cis-Permethrin,Water_Temperature_C,non_nondetect_status_vs_env,12582,-0.009675968300930957,0.27780375478502956,0.32928603906528775,False
cis-Permethrin,Water_Temperature_C,log10_value_vs_env_among_non_nondetects,31,-0.35164080240604884,0.052396868501092285,0.0690909176353091,False
cis-Permethrin,Dissolved_Oxygen_mg_L,non_nondetect_status_vs_env,12465,0.0031783678348175533,0.7227245983748298,0.7607941786058624,False
cis-Permethrin,Dissolved_Oxygen_mg_L,log10_value_vs_env_among_non_nondetects,31,0.41708759320236677,0.019578152382106986,0.027353872477128203,True
cis-Permethrin,pH,non_nondetect_status_vs_env,12415,0.0062713078337689925,0.4847382497603918,0.5389020045304581,False
cis-Permethrin,pH,log10_value_vs_env_among_non_nondetects,31,0.11020959259002386,0.5550516841456575,0.6047852974374698,False
cis-Permethrin,Turbidity_FNU,non_nondetect_status_vs_env,3298,0.006559710157817484,0.7064904373062972,0.7466663956509687,False
cis-Permethrin,Turbidity_FNU,log10_value_vs_env_among_non_nondetects,11,,,,False
cis-Permethrin,Specific_Conductance,non_nondetect_status_vs_env,12494,0.004557092861164596,0.6105224353103169,0.6572290697056417,False
cis-Permethrin,Specific_Conductance,log10_value_vs_env_among_non_nondetects,30,-0.2221234366532927,0.23810653799700568,0.2856698415676621,False
trans-Permethrin,Discharge_cfs,non_nondetect_status_vs_env,12365,0.006653178983812729,0.4594494373007842,0.5125228717341703,False
trans-Permethrin,Discharge_cfs,log10_value_vs_env_among_non_nondetects,43,0.14105565204258855,0.3669345324907476,0.4212476859013827,False
trans-Permethrin,Water_Temperature_C,non_nondetect_status_vs_env,12489,-0.018427892969351378,0.0394594719304354,0.052953106064685104,False
trans-Permethrin,Water_Temperature_C,log10_value_vs_env_among_non_nondetects,43,-0.5290541819893452,0.00026481304548596675,0.00043546051720146447,True
trans-Permethrin,Dissolved_Oxygen_mg_L,non_nondetect_status_vs_env,12357,0.01156439956499387,0.19864023856871013,0.24125848950700307,False
trans-Permethrin,Dissolved_Oxygen_mg_L,log10_value_vs_env_among_non_nondetects,43,0.42034512975966404,0.005008726000406119,0.007374581629895407,True
trans-Permethrin,pH,non_nondetect_status_vs_env,12315,0.0014731471789103006,0.8701538938714376,0.8900327990273791,False
trans-Permethrin,pH,log10_value_vs_env_among_non_nondetects,44,0.0718689916978841,0.6429335387622914,0.6876107879270977,False
trans-Permethrin,Turbidity_FNU,non_nondetect_status_vs_env,3255,0.014539117147615044,0.4069800634533664,0.4629045756369121,False
trans-Permethrin,Turbidity_FNU,log10_value_vs_env_among_non_nondetects,9,,,,False
trans-Permethrin,Specific_Conductance,non_nondetect_status_vs_env,12388,0.004644075214636228,0.6052659929724558,0.6522833731705349,False
trans-Permethrin,Specific_Conductance,log10_value_vs_env_among_non_nondetects,44,0.06977481767732407,0.6526680521065689,0.6957554451568944,False
